id,pagina,termino,ambito,nivel_rostagno,postura_oyente,cualificadores,magnitud,instrumentos_nombrados,generos_piezas,escucha_explicita,cita
1,53,capilla,sacro / litúrgico,símbolo,registro,,,,,,"Desta suerte fueron acia el altar y capilla de s[an]t Vencislao a sacar de allí las reliquias de los sanctos, y traer al > **[nota marginal]** 1562 `[p"
2,54,capilla,sacro / litúrgico,símbolo,registro,,,,,,"54]` [or varo” P Mx serenissimo Maximiliano, que poco antes auía llegado allí acompañado de vna mulu tud de nobles de Bohemia, y en la misma capilla el camarero mayor del reyno auiéndole desnudado el vestido que trajo desde palacio, le vistió los ornamentos reales"
3,54,capilla,sacro / litúrgico,símbolo,registro,,,,,,"Al salir de la capilla el argobispo dixo sobre su maglesta]d vna oración que comienga assí, «Omnipotens sempiterne Deus, quí famulum tuum Maximilianum regni fastigio dignatus es sublimare, etz[éter]a»"
4,54,choro,sacro / litúrgico,símbolo,registro,,,,,,"Desde alli se fue al choro, yendo detrás de todo el clero el argobispo, luego que llegaron los primeros que 1uan en procesión a las puertas del coro, començó la música y capilla de cantores"
5,54,antiphona,sacro / litúrgico,símbolo,valoración estética,suauemente,,,antiphona,,"a entonar suauemente aquella antiphona que dize «Ecce mitto angelum mecem qui praecedat, etz[éterla»"
6,54,chirimías,sacro / litúrgico,símbolo,valoración estética,suauidad,"grande, muchos","chirimías, trompetas",,,"Pero quando llegó a medio de la yglesia el que lleuaua la corona, tocaron todas las chirimías y trompetas, y otros muchos instrumentos músicos con grande suauidad y har- monia, dejadas las reliquias en el altar, los sacerdotes tomaron maron las demás INSIRNIAS rea- les y tas pusieron en la mesa o aparador que está de respecto para scruir al altar Excepto E dos panes y vasos de vino que eran para ofrenda, los quales se pusieron en la mesa que dias estaua puesta delante del estrado del argobispo"
7,54,música,sacro / litúrgico,símbolo,registro,,,,letanías,,"Diario DE HANS KMEVENMOLLER Puesto su maglesta]d en la tarima començó la música y cantores a dezir las letanías, y quando llegaron a cantar aquellas palabras que dizen «vt obsequium seruitutis nostre tibi rationabile facias"
8,54,choro,sacro / litúrgico,símbolo,registro,,,,,sí,"Calló el choro y música y el argobispo según el ceremonial que está para este efecto ordenado, echo tres vezes la bendición a su mag[esta]d y con oraciones a propósito rogó a Dios por su salud y aumento, y por la felicidad de sus reynos y a cada bendición y oración respondía la música y choro «te rogamus audi nos»"
9,54,letanías,sacro / litúrgico,símbolo,registro,,,,letanías,,"Acabadas las letanías los obispos lleuaron a su maglesta]d al estrado y dosel que le estaua aparejado en medio el choro con dosel pendiente del techo, todo él era bordado y matizado de oro y los paños y almoadas de sus gradas eran de lo mismo, algo pro- [p"
10,55,cantores,sacro / litúrgico,símbolo,valoración estética,"esmerándose, mucha arte, suauidad","mucha, mucho",órganos,misa,,"Comencóse a dezir la misa que fue de la trinidad, esmerándose mucho los cantores y músicos de la capilla real en tocar los instrumentos y órganos con mucha arte y suauidad"
11,55,música,sacro / litúrgico,símbolo,registro,,,,,sí,"Autendo callado la música, los obispos lleuaron a su maglesta)d al altar, y puesto delante, el arçobispo dixo sobre él dos oraciones harto largas leiéndolas en a ceremonial y echando la bendición al rey La tercera oración dixeron los obispos"
12,56,trompetas,sacro / litúrgico,símbolo,registro,,,"chirimías, trompetas",,,"Entre tanto tocauan a concierto las trompetas, chirimías y otros instrumentos músicos"
13,56,hymno,sacro / litúrgico,símbolo,valoración estética,suauidad,"grande, mucha",,"hymno, te deum",sí,"Acabado esto, el arçobispo començó el hymno Te Deum Laudamus, que prosiguió l la música ay choro con mucha suauidad de voces y con- ¡rmonia, ¡Ens ¡VETSOS | pasaxes y sostenidos para que < duras má más, porque E e burgrauio, a a quien le toc le tocaua caua por razón y de su oficio, se llego adonde estaua el rey con A grande Télerencia, puso si puso su mano sobre corona del rey y en alta voz juró de obedezérle, y nouifico a los estados del reyno que hiziessen lo mismo, lo qual ellos hizieron con mucha alegría, y tocando la corona en nombre de todo el reino juraron de obedezer al nuevo rey, fueron en número casi ochenta"
14,56,trompetas,sacro / litúrgico,símbolo,ponderación de magnitud,,todo genero,"chirimias, trompetas",misa,,"Acabada la misa boluieron a tocar las trompetas y chirimias de todo genero, principalmente las que ganauan gajes y estauan en la torre más alta del castillo, y las piezas y arullería que estauan en los baluartes y torres de la ciudad a vn mismo tiempo se dispararon en señal de regozijo"
15,56,capilla,sacro / litúrgico,símbolo,registro,,,,,,Salió la reyna de la capilla de s[an]t Vencislao con la misma pompa y acompañamiento que el día antes salió el rey
16,57,choro,sacro / litúrgico,símbolo,registro,,,,,,"57] yor, la abadesa de s[an]t Gorje y todas las damas de la corte, exceptas la duquesa de Bauicra, princesa de Bohemia y princesa Isabela, las quales tenían sendas sillas colaterales del choro, aderezadas y colgadas"
17,57,chirimías,sacro / litúrgico,símbolo,registro,,,"chirimías, trompetas",,,"Auiendo estado la reyna sentada algún tiempo mientras tocauan las chirimías y trompetas, después de auer cessado de tañer, el rey la llcuó al altar y la puso delante del arçobispo y le dixo estas palabras, «Reuerendo padre, pedimos os que tengáis por bien de bendezir esta nuestra consorte con quien Dios nos juntó y honrarla con la corona real, a honrra y gloria de nuestro señor Jesuchristo»"
18,61,trompetas,sacro / litúrgico,símbolo,registro,,,"chirimías, trompetas",,,"A la entrada del rey tocaron todas las trompetas y chirimías, como lo auían hecho quando entró el emperador, hasta que llegó en medio del cuerpo de la yglesia, donde le aguardauan los obispos de Erla y Sictemontes vestidos ricamente de pontifical que hacían vna apacible y agradable vista"
19,62,chirimías,sacro / litúrgico,símbolo,registro,,,chirimías,letanías,,Después de dicha se hincaron todos de rodillas y las chirimías y música començaron a cantar las letanías
20,62,letanías,sacro / litúrgico,símbolo,registro,,,,letanías,,"Dichas las letanías, los obispos dixeron el paternoster y el argobispo vngió al rey, primeramente en el pulgar de la mano derecha, después la palma de la mano y luego en los hombros jun to al juego de los bragos, diciendo aquella oración que comiença «Deus Dei filius Jesus Christus Deus nosten»"
21,62,hymno,sacro / litúrgico,símbolo,valoración estética,"concertadas, suauidad","mucha, todo género","chirimías, cornetas, flautas, sacabuzas, órganos","hymno, te deum",sí,"Leuantándose en pie el rey se desciñó el estoque y le dio a Perncio, el qual auiéndole tomado le lleuó delante el rey, al qual llevaron el argobispo y obispos al solio y estrado, y con este acto le pusieron en possessión del reyno de Vngría diziendo primero aquellas palabras «sta et retime, ersléter]a», después deste hymno se siguió luego otro de alegría y contento en señal de victoria y buen sucesso que comienza «te deum laudamus» que se cantó con mucha suauidad a coros de chirimías, flautas, cornetas, sacabuzas y órganos y todo género de instrumentos músicos y concertadas vozes"
22,62,hymno,sacro / litúrgico,símbolo,registro,,,,hymno,,"Acabado este hymno boluió el argobispo a dezir algunas oraciones y preces que comiencan «firmetur manus tua, ets[éter]a»"
23,96,sarao,profano / cortesano,símbolo,ponderación de magnitud,,mucho,,,,"“hubo vna máscara en la qual entró el rey Rodulfo, y el conde de Franquenburg acompañó a su alt[ezJa enmáscarado y con mucho regosizo dansaron en el sarao"
24,128,capilla,sacro / litúrgico,símbolo,ponderación de magnitud,,gran,,,,"""En este tiempo el emperador Rodulfo confirmó el sentarse en la capilla imperial el embajador del duque de Florencia después de el de Venecia, lo qual auía concedido primero su padre Maximiliano al gran duque, aunque protestó y reclamó el rey don Felipe, “pretendiendo que se causaua perjuycio al duque de Saboia y a los demás príncipes de Italia, el qual desde allí adelante aun no quiso darle título de ill[ustrísi)mo"
25,128,capilla,sacro / litúrgico,símbolo,ponderación de magnitud,,gran,,,,"""Por este tiempo, su maglesta]d del rey don Felipe hizo gran prior de Castilla al archiduque Vencislao, a Marco Antonio Columna nombró virrey de Sicilia y hizo del 22 Al embajador de Florencia se confirma el asiento en la capilla del empleradlor 2* Contrad[1ca Jón del rey don) Felipe 2” al assiento del embaj[ad]or de Floreníci]a en la capilla 1 El archiduqlue] Venaslao gran pror de Casulla"
26,146,música,sacro / litúrgico,símbolo,valoración estética,solemne,grande,"chirimías, trompetas",,,"Él al principio se escusó, pero luego que huuo nucuas más ciertas de la muerte del rey dion] Sebastián, auiendo con solemne ceremonia rompido en las puertas de las yglestas los tres escudos negros que se lleuaron por toda la ciudad, notificando los que los lleuauan la muerte del rey a quantos topauan, '”a veinti seys de agosto el cardenal don Enrrique salió a mula con grande acompañamiento y pompa, y fue a la yglesia del hospital, delante del Dleuaua el estoque desnudo el duque de Verganga, almirante de aquel reyno, a quien toca por sucessión, y Fran(cis]co Saá, vnos de los quatro que auían gouernado, le puso vn cetro en la mano, y acabadas las ceremonias, con el mismo acompañamiento y pompa que auía venido, lleuando siempre el cetro en la mano, boluió a palacio con grande música de trompetas y chirimías que se oían por toda la ciudad"
27,151,baileo,militar / señalético,índice,registro,,,,,,"Fueron presos el de Gogni, Haure y Baileo su hermano, los muertos fueron pocos fuera de la infantería, ganáronse tres vanderas de infantería y quatro vanderas de cauallos"
28,175,trompetas,(otros),índice,registro,,,trompetas,,,Pero impedido do según el ruido de las trompetas Y > **[nota marginal]** Toma de Menin `[p
29,176,vísperas,sacro / litúrgico,símbolo,registro,,,,vísperas,,"viendo esto, los que estauan en el castillo confiando poco de sus fuerzas y sin esperanza de socorro alguno, a hora de vísperas, auiendo quemado el lugar lo desampararon y se recogieron a su exército"
30,189,capilla,sacro / litúrgico,símbolo,registro,,,,,,"""Por este tiempo, el rey don Filipe hizo vna reformación política de su corte, y entre otras cosas, por su real pragmática mandó que en todos los reinos de Castilla, desde el primero de mayo hasta el vlumo de octubre, ninguno pudiesse ir a cauallo lleuando gualdrapa excepto los embajadores de los principes que tienen asiento en la capilla real de palacio, y aunque el conde de Franquenburg instó y suplicó a su maglestald diesse licencia para que los demás embajadores la pudiessen lleuar, no tubo otro efecto su instancia, sino es la respuesta que le dio su maglesta]d que fue dezirle, '""que no auía tenido a los demás por embajaí[do)res, desta respuesta auisaron todos a sus príncipes"
31,191,capilla,sacro / litúrgico,símbolo,ponderación de magnitud,,gran,,missa,,"“Para este efecto, a quatro de marzo auiendo oydo missa en el conuento y capilla de nuestra señora de Atocha acompañado solamente de los mayordomos de su cassa, del conde de Chinchón y de don Antonio de Toledo llamado el turquete, salió de Madrid para Aranjuez dejando el cargo de todos los negocios que dél dependían con gran sentimiento de los presidentes y consejeros A catorze del mismo mes salió de Madrid la reina, con las infantas doña Isabel y dioñ Ja Catalina y con el principe don Diego y muy pequeño acompañamiento y fue en seguimiento de su mag[esta]d, llegaron después todos juntos a Guadalupe"
32,212,trompeta,militar / señalético,índice,ponderación de magnitud,,"gran, mucho",trompeta,,,"Ya auía començado a batirse la fortaleza del castillo de san Gran con diez piegas, y después con veinte, los que estauan de guarnición y su capitán tratauan de entregar el castillo y el de Alua auía embiado vn trompeta, y el goucrnador no le quiso admiuur, temíase mucho del successo y desseaba las vistas, suçedióle vna comodidad como él de seaua, y fue que vna viuda de vna aldea que tenía en el castillo vn hyo y vn yerno, ora sea mouida del de Alua, ora mouida de amor y caridad de sus hujos, que no se sabe cosa cierta, le pidió licencia para sacar de allí a su hijo y yerno, y que entretanto cessasse de batr la artillería, y autendo alcançado esta gracia y licencia fue al castillo”, y como lo auía industriado el de Alua, en su nombre, auisó a Tristán Vaez que mirasse por sí, y no quisiesse por su temeridad y obstinación perderse a sí y a la gente que estaua con él"
33,214,trompetas,militar / señalético,índice,registro,,,trompetas,,,"Señalose por día el veintesiete de setiembre y el día antes llegó hasta el mismo baluarte y reparos escaramuzando el duque de Al , s 1 ua, y a la media noche hizo tocar el arma las cajas y trompetas, para que cansados los portugueses de auer estado en vela toda la noche, estubiessen enflaquecidos y debilitados para resistir el asalto del día siguiente"
34,219,trompetas,(otros),símbolo,valoración estética,"solemne, solemnemente",,"chirimías, trompetas",,sí,"“Entretanto, hizo que todos jurassen solemnemente al rey don Felipe por su rey y señor, hízose assí con solemne ceremonia a onze de septiembre, y poco después, tocando las trompetas y chirimías y cajas por la ciudad, lleuando el magistrado el estandarte real por sus calles, se dixo en ellas viua el rey don Felipe pero con vozes roncas y baxas, que dauan más muestras de tristeza que de alegría, oiéndose a cada passo, entre aquellas vozes que salían forzadas y violentas, suspiros, gemidos y lloros lastimosos"
35,232,trompetas,militar / señalético,índice,registro,,,trompetas,,,"Después de dermbada la fortaleza, haziendo burla y escarsao, los soldados con cajas y trompetas ignominiosamente echaron fuera de la ciudad a los rehposos de san Francisco"
36,245,trompeta,militar / señalético,índice,registro,,,trompeta,,,"Hecho esto Renenberghio con vn trompeta pidió a los çercados que con justíssimas condiciones le entregasen la ciudad, pero fue en vano su respuesta"
37,245,trompeta,militar / señalético,índice,registro,,,trompeta,,,imbió vn trompeta a persuadir a los cercados que se rindiessen
38,262,saraos,profano / cortesano,símbolo,registro,,,,,,"Estuuo el de Alanson todo el inuierno en Inglaterra entretenido con su reyna, de día en ver torneos por justas de a cauallo, de noche en combites, festines y saraos"
39,263,trompetas,(otros),índice,registro,,,trompetas,,,"Juan adelante del los ti nientes de capitanes de la milicia y soldadesca de la ciudad, los aldeanos que tenían voto en la república, los trompetas y los mercaderes alemanes e 1ngleses (porque los ¡ta lanos y españoles el día antes se auían ido de la cuudad), seguíanse en orden aunque algo estendidos los magistrados y ministros públicos y oficiales de la república, los nobles y delegados de los Estados con los nobles de Brabante que yban en medio del can cellario de la provincia, y la guarda tudesca y los nobles de Francia y de Inglaterra que y auían venido con el duque de Alanson"
40,265,trompetas,sacro / litúrgico,símbolo,ponderación de magnitud,,mucho,trompetas,,,"Al contrario los” franceses assaltaron la ciudad por donde estaua más fuerte, y arrimadas las escalas subieron en vn punto al muro y degollando las centinelas tocaron las trompetas para causar mayor temor a los ciudadanos que acudieron valerosamente a la defensa, aunque los rebatieron con mucho valor los franceses, los quales después de auer rompido la puerta metieron dentro la cauallería, auiendo visto esto después de auer peleado casi vna hora se entregaron"
41,321,capilla,sacro / litúrgico,símbolo,registro,,,,,,"321]` munidades excepto aquellos que auían sido la causa y dado ocasión a la rebelión, a los de la religión reformada se les concedía dos años para que pudiesen disponer de sus haziendas y entretanto pudiessen viuir en la ciudad, que se restituiesse todo lo que se auía hurtado y quitado de la capilla real, de las casas del Granvela y de las de Mansfelt, que las imposiciones y tributos que estauan impuestos de tiempo atrás se pagassen hasta que la ciudad satisfaziesse a sus acrehedores y pagasse sus deudas, que la milicia estranjera saliesse libremente de la ciudad con condición que por espacio de tres meses no pueda tomar las armas contra el rey, y finalmente, que se pongan en libertad los cautivos"
42,332,trompeta,militar / señalético,índice,registro,,,trompeta,,,"Después desto, plantada ya la artillería contra Nuys y comencada la batería, el de Parma deseando vencerla y sujetarla sin derramar sangre, imbió vn trompeta a que supiesse de los que estauan en ella de guarnición si querían rendirse o probar la fortuna de la guerra Auían contado en los reales que se auían ya tirado contra la ciudad tres mil y ochocientas balas, por lo qual los sitiados al principio respondieron algo dudosamente y pidieron treguas y espacio para determinarse, y auiéndosele concedido se acercó el de > **[nota marginal]** El duque de Parma gana Venloo * El papa imbía al duque de Parma el sombrero y estoque bendito `[p"
43,333,trompeta,militar / señalético,índice,valoración estética,graue,"mucha, mucho",trompeta,,,"El de Parma alborotado desto grandemente, poniéndose a cauallo fue a toda priessa a los reales y reprehendió grauemente y con ásperas palabras al de Mansfeld, que era general de la artullería, diziéndole que le auía descontento mucho lo que se auía hecho contra lo assentado en las treguas, mandando a los artilleros que cessassen de disparar y a los soldados que estubiessen quietos Aquietado el alboroto imbió con vn trompeta otras condiciones por escrito a los cercados, ofreciéndoles que pidiessen salir con sus armas y banderas a donde quisiseren con mucha seguridad, y tiniendo por cierto que admitirían tan ajustadas condiciones y puestas en razón sin dificultad alguna ni controuersia"
44,333,trompeta,sacro / litúrgico,símbolo,ponderación de magnitud,,mucho,trompeta,,,"Imbió dos capitanes suyos y a Billeheo, consejero del arçobispo, a los quales mandó que esperassen a la puerta la respuesta, los quales admirándose mucho que siendo ya muy tarde ni boluía el trompeta a la hora señalada, ni se les daua respuesta alguna, preguntaron que era la causa, respondieron los cercados que el trompeta se auía ido a dormir y que porque se hacía ya tarde si ellos querían boluerse a donde auían venido lo podían hazer"
45,343,capilla,sacro / litúrgico,símbolo,registro,,,,,,"La segunda, que se diesse assiento en la capilla real a su embajador entre los demás embajadores"
46,348,trompetas,militar / señalético,índice,registro,,,trompetas,,,"Finalm[enlte, los cercados desesperados de tener socorro y viendo que cada día los enemigos amenazauan que auían de entrar en el lugar, no solo por las ruinas de las murallas sino también por las minas que auían hecho, desconfiados de poderse defender más, alcançaron honestas condiciones del de Parma, que fueron, que saliessen con vanderas desplegadas con sus armas y mechas encendidas al son de cajas y trompetas con su vagajo y haziendas y les fuesse dado passo y lleuados hasta su quartel"
47,362,capilla,sacro / litúrgico,símbolo,registro,,,,,,"Boluió “segunda vez el duque de Saboya por medio de su embajlad]or, el marqluéls de Este, a hazer instancia con su maglesta]d que a su embajlad]or se le diesse assiento en la capilla real, pero boluióse sin negociar cosa alglun]a como antes"
48,374,trompeta,militar / señalético,índice,ponderación de magnitud,,grande,trompeta,,,"Entretanto, aclarándose algo las nieblas se descubrieron las velas de las naues mayores, y los del presidio disparando vna pieza grande de artillería hizieron señal a los ciudadanos y el que estaua de centinela en la torre de san Esteuan tocando al arma la trompeta auisó de la venida del enemigo"
49,378,trompetas,(otros),índice,registro,,,trompetas,,,"que pudiessen salir con vanderas desplegadas, cuerdas encendidas, al son de cajas y trompetas con todas sus haziendas y hato, y los embarcaron en cinquenta naues y lleuaron hasta Wesel"
50,380,trompetas,(otros),índice,registro,,,trompetas,,,"que pudiessen salir con vanderas desplegadas, cuerdas encendidas, al son de cajas y trompetas con todas sus haziendas y hato, y los embarcaron en cinquenta naues y lleuaron hasta Wesel"
51,394,trompeta,militar / señalético,índice,registro,,,trompeta,,,"Y guiendo puesto la artillería en Jugares a propósito re se ás flacos Y debilitados los muros, pidió por vn trompeta que le rindiessen la na ón ador de la ciudad el conde Hernán Vandenberghe primo carnal del code"
52,399,capilla,sacro / litúrgico,símbolo,ponderación de magnitud,,grande,,,,"El día de san Felipe y Santiago, que assistían al principe don Felipe en la capilla real los embajadores en el acompañamiento, ""el conde de Franquenburg fue al lado derecho del duque de Saboya que se passeaua con el príncipe de España, y no perdió ni cedió en cosa alguna que importasse a la autoridad del césar en este ni en otros actos semejantes, a estos cassos y a otros semejantes están sujetos los embajadores, y si hazen lo que deben correspondiendo a los officios y puestos que ocupan sus señores y principes les dan pocas o ningunas gracias por ello, y si yerrán o faltan en algo, es su culpa muy grande"
53,414,trompeta,militar / señalético,índice,registro,,,trompeta,,,"Parecía que el Verdugo auía de boluer a intentar el socorrer a los cercados, pero el Mauricio boluiendo a imbiar otro trompeta les pidió que se rindiessen a partido, prometiendo que dejaría salir libremente los soldados que estauan de guarnición, pidieron los cercados que les diesse aquella noche de tiempo para deliberar lo que les conuenía hazer, el qual se les concedió"
54,421,vísperas,sacro / litúrgico,símbolo,valoración estética,hermosíssima,muchas,,vísperas,,"'“En Madrid, la víspera de san Andrés, no obstante que su magestad estaua con muy poca salud, quiso assistir a la fiesta del Tusón de oro entre los demás caualleros de su orden, y poco antes de las vísperas se juntó con ellos en el capítulo, estando en el primer lugar debajo del dozel riquíssimo, colgadas todas las piezas de hermosíssima tapizería, y el suelo con muchas alfombras y tapetes ricos de Persia, de vn lado y otro estauan puestos bancos cubiertos de ricos tapetes y alfombras, a la mano derecha tenía el primer lugar el príncipe don Felipe, a su lado estaua don Juan de la Cerda duque de Medina Celi y en tercer lugar Juan Keuenhuller conde de Franquenburg"
55,422,vísperas,sacro / litúrgico,símbolo,registro,,,,vísperas,,"422]` fantado y marqués de Villena, auiéndole hecho las mismas preguntas, le metieron al capítulo delante de su magestad, y de la misma suerte le hizo cauallero del Tusón de oro, Vitimamlen]te, acercándose la hora de vísperas, su magestad con vna breue oración y plática se escusó que por sus achaques y falta de salud no podía assistir a ellas, que en su lugar assistiría el príncipe su hijo, supliendo su ausencia como lo auía hecho en se"
56,422,capilla,sacro / litúrgico,símbolo,ponderación de magnitud,,grande,"chirimias, trompetas",,,"mejante acto el emperador Carlos quinto, su padre, mandándole que assistiesse a él por su ausencia, Ordenadas las cosas en la forma dicha, entraron en la capilla con grande música de trompetas y chirimias el príncipe de España su hijo y los demás caualleros, delante ¡uan “el almirante y duqlue] de Medina Celi, seguíanse tras ellos el de Terranoua y el del Infantado y el marqués de Villena, luego venía al lado derecho del príncipe Joan Keuenhuller, conde de Franquenburg, y al lado izquierdo don Pedro de Médicis"
57,422,vísperas,sacro / litúrgico,símbolo,valoración estética,solemníssimas,,,vísperas,,Fueron las vísperas solemníssimas
58,422,música,sacro / litúrgico,símbolo,ponderación de magnitud,,"muchos, todo género",,,,"La comida fue real y de muchos platos regalados y exquisitíssimos manjares, con todo género de música y instrumentos mientras duraron los seruicios"
59,422,vísperas,sacro / litúrgico,símbolo,registro,,,,"missa, vísperas",,"Acabada la comida y levantadas las mesas a las dos de la tarde, boluió el príncipe con el mismo acompañamlien]to y con el mismo orden a las vísperas y el día siguiente a la missa de los difunctos"
60,424,trompeta,militar / señalético,índice,registro,,,trompeta,,,"El mismo día, auía llegado al campo del de Mansfeld vn trompeta que inuió el Mauricio sobre ciertas cosas, al qual dixo el de Mansfeld, qué es la causa porque tu amo se encierra dentro de tantas municiones, ¿por qué no sale al campo y pelea conmigo?"
61,424,trompeta,militar / señalético,índice,ponderación de magnitud,,mucho,trompeta,,,"Á que respondió reiendo con mucho donaire el trompeta, diziendo no os espanteís porque se quiere hazer soldado viejo y experimentado como vos soys"
62,424,trompeta,militar / señalético,índice,ponderación de magnitud,,gran,trompeta,,,"Auiendo buelto al campo el trompeta, Harmio Buuerio y Caluio, capitanes que a casso hazían la guarda, viendo que en la ciudad y sus murallas auía muy gran silencio, como adeuinando lo que dentro se hazía, tomando dos arcabuzeros, dos rodeleros y dos alabarderos armados, arrimando al muro vna puentecilla de madera que se assió de vn baluarte, subieron a lo alto a ver lo que se hazía dentro la ciudad"
63,436,trompeta,militar / señalético,índice,registro,,,trompeta,,,"Por lo qual, los ciudadanos viendo que el enemigo tenía passo abierto para entrar siempre que quisiesse, imbiaron a los reales a Julan] Rurio con vn trompeta para que diesse esperanzas al Mauricio que si el día siguiente imbiando vn trompeta suyo a los ciudadanos pidiendo que le rindiessen y entregassen la ciudad fácilm[en]te harían lo que les mandasse"
64,445,capilla,sacro / litúrgico,símbolo,registro,,,,,,"Por este tiempo, el conde de Barlamont, cauallero del Tussón de oro, vino a Madrid a quien su magestad mandó que assistiesse en la capilla real y acompañasse al príncipe su hijo y le siruiesse"
65,445,capilla,sacro / litúrgico,símbolo,ponderación de magnitud,,grandes,,,,"Ordenó al marqués de Velada y a don Christóual de Mora que le acompañassen quando fuesse a la capilla y le lleuassen en medio, a donde estubo asentado en vn banco y assiento particular que no era el asiento de grandes, sino de los caualleros del Tusón y estaua entre el banco de los embajadores y de los capellanes"
66,446,tañer,sacro / litúrgico,símbolo,registro,,,,,,"Nombró su magestad por su embajador en Venecia a don Iñigo de Mendoza, hijo segundo del marqués de Mondéjar, el qual se enamoró ciegamente de cierta muger coja aficionado de la gracia que tenía en danzar, cantar y tañer vna harpa, muger de poca calidad y baja condición, el qual contra la voluntad de sus deudos se desposó con ella, de la qual huuo por hijo al que agora es marqlué]s de Mondéjar"
67,446,música,militar / señalético,índice,ponderación de magnitud,,mucho,"chirimias, trompetas",,,"Ordenó su magestad al príncipe su hijo que passasse por la calle donde tenía sus cassas el conde de Franquenburg, el qual tubo tanta preuención de música, trompetas, chirimias y otros instrumentos músicos que los reyes recibieron mucho gusto y contentamiento"
68,448,trompetas,militar / señalético,índice,valoración estética,lúcida,muchos,"chirimias, trompetas",,,"Yuan delante los trompetas, chirimias y música y después vna lúcida tropa de cauallería, tras ella ¿ua Filipo de Nassau, príncipe de Orange, después dél muchos otros príncipes y varones ylustres, vltimamente ve"
69,450,trompetas,militar / señalético,índice,ponderación de magnitud,,grande,trompetas,,,"* Entretanto, el de Nauarra afligido con la nueua no imaginada de la pérdida de Cales, marchó a toda priessa con su cauallería y infantería a continuar el sitio de la Fera, $]a qual después de siete meses de sitio se rindió al de Nauarra, auiéndose gastado casi todos los bastimentos que auía metido George Basti, y fue la entrega con condición que el senescal Montlimaro con Áluaro Osorio capitán de los soldados del presidio y los demás soldados y capitanes dentro de seys días saliessen de la Fera con las vanderas tendidas y tocando las cajas y trompetas con sus armas y bajage, y que pudiessen lleuar consigo la pieza grande de bronze, que no tenía las armas de Francia y antiguamente > **[nota marginal]** 2% El archiduque Alberto gana a Calais"
70,453,trompeta,militar / señalético,índice,registro,,,trompeta,,,"El día siguiente, que fue a veinti vno de julio, auiendo hecho señal vna trompeta disparó la artillería gruesa, y el baluarte, aunque estaua muy pertrechado con bestiones y fosso, fue acometido por tres partes y ocupado"
71,461,trompeta,militar / señalético,índice,valoración estética,destreza,"grande, mucha",trompeta,,sí,"Estos como quien auía de renouar la batalla en oyendo la trompeta acometieron con grande alegría y ánimo a la gente del Mauricio que ya andaua esparcida robando y saqueando los vencidos, pero aduirtiendo esto el Mauricio arrojó sobre ellos quatro tropas de cauallería que de industria auía reseruado para en qualquier acontecimiento socorrer a los suyos y las tenía puestas en vna emboscada, las quales con grande esfuerzo y destreza se opusieron a los españoles, los quales sin guer apenas probado a pelear con pérdida de mucha gente se pusieron en huida, procurando cada vno escaparse por donde mejor podía"
72,466,trompeta,militar / señalético,índice,registro,,,trompeta,,,"El gouernador que era el capitán Andrés de Miranda hallándose muy falto de póluora imbió vn trompeta que pidiesse treguas por tres días, y si dentro de tres días no les venía el socorro que entregarían el pueblo"
73,486,vísperas,sacro / litúrgico,símbolo,ponderación de magnitud,,"grandes, muchos",,"missa, vísperas",,"Después desto, a diez y ocho del mismo mes de septiembre en s[an]t Hierónymo de Madrid se dixeron las vísperas de las honrras y obsequias del rey don Felipe difunto, el día siguiente dixo la missa el arçobispo de Toledo assistiendo el nueuo rey y la infanta su hermana, los embajadores de los reyes y los grandes de España, los presidentes de los consejos, los consejeros y otros muchos títulos y señores, solo faltó la emperatriz por su flaqueza y vejez"
74,487,sarao,profano / cortesano,símbolo,ponderación de magnitud,,grandes,,,,"Hállose su magestad al combite que hizo allí a los grandes, sin tener respecto al luto y honrras de su padre, que auía muerto a treze del mes passado, auiendo estado con los grandes en el banquete y sarao cosa de media hora se fue al Pardo"
75,490,missa cantada,sacro / litúrgico,símbolo,ponderación de magnitud,,muchas,,missa,,"Después de entrada en la yglesia lleuando a la reyna y a su madre a vn estrado de brocado debajo de dosel de la misma tela, y al otro lado debajo de otro dosel se sentó el archiduque, començó su santidad la missa cantada, y después de auer cantado el credo, dos cardenales lleuaron a la reyna y a su madre acompañada de muchas damas y donzellas a donde estaua el pontífice"
76,490,músicas,profano / cortesano,símbolo,registro,,,,,,"Todos los lugares, todas las calles, todas las cassas públicas de concejo y las de particulares se oían llenas de diuersas músicas, por las calles y plazas, 2 La reyna y archiduque vesan el pie al pontífice"
77,496,trompeta,militar / señalético,índice,registro,,,trompeta,,,"mente, a seys de nouiembre assentó sus reales sobre Dothecom, y el mesmo día mandó batir luego al punto la puerta que mira a Desburgo sin auer imbiado trompeta como es costumbre a requerir a los de dentro que le entregassen el pueblo"
78,500,trompetas,profano / cortesano,símbolo,valoración estética,"concertada, harmonía",,"clarines, menestriles, trompetas",,,"Entraron delante de todos cinco compañías de a cauallo y después treinta trompetas y menestriles, y los trompetas del rey que en concertada harmonía yendo todos en cauallos aderezados mientras vnos tocaban, descangaban otros y luego se respondían con los clarines y otros instrumentos"
79,501,cantaron,sacro / litúrgico,símbolo,registro,,,,letanías,,Auiendo respondido entrambos que si querían se allegaron todos quatro al altar y mientras se cantaron las letanías ratificaron y aprobaron los matrimonios
80,505,capilla,sacro / litúrgico,símbolo,ponderación de magnitud,,gran,,,,"A veinte cinco deste mes su magestad en la capilla real dio el Tusón de oro al duque de Alua, assistiendo al acto como gran maestre de la religión"
81,519,bailes,profano / cortesano,símbolo,registro,,,,,,"A ocho de agosto su magestad con el archiduque, el dicho conde y el de Lerma y Velada fueron en los coches a pasearse de noche por las plazas y calles de Vallladoli]d, donde encontraron algunas máscaras y bailes que se hazían por fiestas del archiduque"
82,523,trompeta,(otros),índice,registro,,,trompeta,,,"Viendo esto los que estauan de guarnición y que estauan destituidos de toda esperanza de socorro y sin gana alguna de pelear, imbiaron vn trompeta al Mauricio con esta orden, que entregarían al Mauricio aquel fuerte si los Estados les dauan de contado quinientos mil escudos de oro que el archiduque les debía de su sueldo"
83,537,capilla,sacro / litúrgico,símbolo,registro,,,,,,La yglesia y capilla mayor estaua colgada de la tapizería rica de la batalla y conquista de Túnez
84,537,capilla,sacro / litúrgico,símbolo,registro,,,,,,"En la capilla mayor auía vn tablado al qual se subía con tres gradas sobre el qual estaua la pila baptismal, toda de plata de Zizel y relieue, que se auía sacado de la guarda joyas de su maglesta]d, tenía sobre quatro columnas de plata vn rico dozel"
85,537,capilla,sacro / litúrgico,símbolo,registro,,,,,,"Sobre la puerta de la yglesia, en forma de cubierta o portal, estaua puesto vn dozel riquísimo, debajo del qual aguardauan el arcobispo de Toledo y los obispos de Zamora y Valladolid vestidos de pontifical, detrás dellos estaua el sacristán mayor con la crisma y el confessor del rey y algunos capellanes de los de más quenta de su capilla, todos con sus hábitos conforme a sus dignidades aguardando a la infanta"
86,543,trompeta,militar / señalético,índice,registro,,,trompeta,,,"El Mauricio imbió vn rey de armas o trompeta desafiando a batalla al almirante, el qual le respondió que tenía orden de que guardasse aquella prouincia y no tenía licencia para salir a batalla, pero que si el Mauricio gustaua de acometerle en sus alojamientos, que él > **[nota marginal]** 10% Cinco naues entran de refresco en Ostende"
87,550,trompetas,militar / señalético,índice,registro,,,trompetas,,,"Los que venían auiendo aduertido el fin para que esto se auía echo, robaron y saquearon todo lo que auía quedado, y imbiando cartas con sus trompetas a los lugares de la comarca mandando a los aldeanos y labradores que viniessen luego y les acudiessen con el dinero de la contribución, viendo que ninguno acudía pusieron fuego a las casserías, aldeas y villajes acudieron algunos a apagar el fuego parte dellos, parte fueron lleuados presos y cautivos, entre los quales fue preso el abad del monasterio de san Huberto, y con esto se retiraron pidiendo al abad de s[an]t Huberto por su rescate quarenta mil escudos de oro"
88,552,capilla,sacro / litúrgico,símbolo,valoración estética,solemnidad,grande,,,,"Resoluió su maglesta]d que se cumpliesse la voluntad de la difunta, la qual el primer día de marco fue con grande solemnidad depositada en aquella capilla"
89,553,vísperas,sacro / litúrgico,símbolo,registro,,,,vísperas,,A diez y ocho se dixeron las vísperas
90,571,trompeta,militar / señalético,índice,registro,,,trompeta,,,"Luego que se recibían algunas cartas que imbiaua el archiduque o que venían de otra qualquiera parte se tocaua luego la trompeta y se juntauan todos, y el que hazía la posta las daua públicamente al que le tocaua hazer la ronda y éste con la misma publicidad las entregaua al electo y consiliarios adjuntos, los quales desde alguna ventana alta o parte superior del palacio que caya a la plaza pública donde estauan los demás ajuntados con sus armas las leya públicamente en voz alta, y luego dezía su parezer y el de sus compañeros de su consejo"
91,575,capilla,sacro / litúrgico,símbolo,ponderación de magnitud,,muchas,,,,"575]` dad y no cesando el césar de ordenar y mandar que se boluiese a Alemania, el conde de Franquenburg pareciéndole que sería cosa despropositada y que se tendría por cosa de poco momento y de menos autoridad si el embajador se ¡ua sin tener resolución de su magestad sobre los negocios a que auía venido, le detubo, y por cortesía muchas vezes le dio su assiento en la capilla real y algunas vezes le cometió sus vezes y el acudir por él a las audiencias"
92,591,trompeta,militar / señalético,índice,registro,,,trompeta,,,"Después, a nueue de mayo, imbiando vn trompeta que dijesse a los que estauan de guarnición que se rindiessen, guando se açercaua el trompeta a las murallas y según el vsso de la milicia tocaua la tercera vez para dar su embajada, cierto italiano le atrauesó con vna bala"
93,595,trompeta,militar / señalético,índice,registro,,,trompeta,,,"Retirados los españoles, auisó al gouernador de la Enclusa con vn trompeta de que se auíaln] ya ido los que aguardaua que le auían de socorrer, el qual tenía vna rigurosa guerra de fuera con los enemigos, y dentro el pueblo con la hambre y esclauos"
94,597,sarao,profano / cortesano,símbolo,ponderación de magnitud,,"grandes, muchos",,,,"Del parto resultó vna calentura de que le sangraron dos vezes, pero luego que mejor de salud, huuo vn sarao y máscara de muchos grandes y caualleros, y ricas y costosas galas"
95,600,atabales,militar / señalético,índice,registro,,,"atabales, chirimías, menestriles, trompetas",,,"Después, auiendo la guarda despejado la plaza de la multitud de gente confusa, entraron en doçe cauallos doce hombres tocando los atabales, y tras ellos treinta trompetas, chirimías y menestriles a cauallo, todos con paramentos, guarniciones y vestidos de vna misma forma y colores, que fueron blanco, encarnado y morado"
96,601,trompetas,militar / señalético,índice,registro,,,"trompeta, trompetas",,,"Entraron luego quatro trompetas delante con vanderolas y escudos bordados y tras ellos su magestad y el duque de Lerma entraron en la plaza, y auiendo parado blandeando las lanzas y haziendo muestras de querer acometer al son de la trompeta dio su magestad principio a la carrera poniendo las espuelas al cauallo que ligero passó la plaza, a quien siguió luego el de Lerma passando su carrera"
97,602,sarao,militar / señalético,índice,ponderación de magnitud,,grandíssimo,,,,"A diez y seys de junio, en el salón que diximos que se auía hecho el juramento'*, con grandíssimo real aparato se hizo vn sarao y festín, para que lo viesse se le señaló puesto al embajador de Inglaterra"
98,602,trompetas,profano / cortesano,símbolo,valoración estética,"hermoso, magnificencia",,trompetas,,,"En medio estaua leuantado vn hermoso y rico dosel y torno adornado con aparato y magnificencia real puesto sobre quatro columnas doradas, a los lados dél estauan dos ángeles con sendas trompetas doradas"
99,602,música,profano / cortesano,símbolo,valoración estética,hermosíssimas,,"chirimías, menestriles",,sí,"Auiéndose sentado todos, vno de los ángeles tocó «Trtrompera y luego se oyó todo, género de música de diuersos instrumentos y vozes que dauan al rey y reyna el pa parabién del infante recién nacido, a penas acabaron estos su música, quando entraron en 18 sele vetoriguatromenestriles, sorneta s y chirimías y otros instrumentos, todos con ricos vestidos y enmascarados, tañíendo, y diez y ocho pajes alumbrándoles con hachas blancas, entraron tras ellos seis doncellas con diuersos vestidos y de diuersos colores que representauan las virtudes, y luego entró en vn carro triunfal que tirauan dos cauallos enanos sentada en él la infanta de España representando vna diosa que lleuaua en la mano vn sceptro, y dos hermosíssimas donzellas que la acompañauan"
100,602,sarao,profano / cortesano,símbolo,registro,,,,,,"Después, todos juntos y luego cada vno de por sí, entre otros dansaron el conde de Pertho y el barón de Billigbicco caualleros ingleses la courante al vsso de Francia y después otros bayles, Duró el sarao hasta la media noche que su magestad y el embajador se leuantaron de los assientos"
101,602,sarao,profano / cortesano,símbolo,registro,,,,,,Festín y sarao en el salón de palacio que se haze al alm[iran]te de Inglat[err]a
102,603,dançaua,profano / cortesano,símbolo,registro,,,,,,"603]` do dançaua su magestad todos estauan en pie, y ninguno se atreuió a salir a danzar sino es solos los que su magestad tenía ordenado que saliessen"
103,618,capilla,sacro / litúrgico,símbolo,registro,,,,,,"Visitando después su real capilla y otras yglesias y conuentos fuera de palacio sin que me auisasse como era razón y costumbre en tiempo de su padre, me sentí dello por palabra y por escrito con el marqués de Velada, mayordomo mayor que es vn cauallero de suma entereza y verdad, mostrándole con razones apretadas la poca que se tenía en esto conmigo, de que me dio toda satisfación, que esto lo auía causado el ser el gouierno nueuo y auía sido ni aduertencia, y que él se hazía cargo desta culpa, sabiendo que a él se la perdonaría más fácilmente que a otro qualquiera, mayormente no se auiendo hecho de propósito, que adelante se remediaría"
