id,página,difunto/evento (probable),tipo,términos,voz,1ª persona,motivo clasif.,cita / contexto
1,335,Felipe II (†1598),muerte,muerte,diario,,cuerpo del diario,"De su enraizamiento en España, a la muerte de Felipe II (15911598)"
2,335,Emperatriz María (†1603),muerte,muerte,diario,,cuerpo del diario,de las grandezas de España a la muerte de la
3,335,Emperatriz María (†1603),muerte,muerte,diario,,cuerpo del diario,"El papeleo que hay antes de la muerte, y que se reconoce después"
4,335,(general / otros),ceremonia,cadáver,diario,,cuerpo del diario,El inventario de los bienes (I) con su cadáver presente
5,335,(general / otros),ceremonia,cadáver,diario,,cuerpo del diario,un cadáver viajero
6,13,Emperador/triz (?),ceremonia,difunto,diario,,cuerpo del diario,mi amado y difunto padre el señor Cristóbal Khevenhüller de Aichberg y
7,17,Emperador/triz (?),ceremonia,difunto,diario,,cuerpo del diario,extracto sacado de diversos escritos de mi amado y difunto padre el señor Cristóbal Khevenhüller de
8,20,(general / otros),ceremonia,entierro,diario,,cuerpo del diario,entierro en la iglesia de San
9,20,(general / otros),ceremonia,túmulo,diario,,cuerpo del diario,un túmulo y mausoleo en los Jerónimos de Madrid
10,20,(general / otros),ceremonia,cadáver,diario,,cuerpo del diario,cadáver y depósito en esta iglesia
11,28,Carlos V,muerte,muerte,diario,,cuerpo del diario,«La propia muerte del Conde de Luna
12,28,Felipe II (†1598),muerte,murió,diario,,cuerpo del diario,Murió Luna el 12 de
13,28,Felipe II (†1598),muerte,muerte,diario,,cuerpo del diario,a Felipe II de la muerte del embajador se hizo cargo Maximiliano [II]
14,28,Felipe II (†1598),ceremonia,pésame,diario,,cuerpo del diario,"lo largo de todo el año, el envío de una embajada de pésame, o a su vez"
15,28,Felipe II (†1598),ceremonia,"condolencia, condolencias",diario,,cuerpo del diario,"las contestaciones a las condolencias, ocuparon el quehacer de las secretarías de Estado o las cancillerías"
16,29,Felipe II (†1598),ceremonia,"muerte, pésame",diario,,cuerpo del diario,"Y, en fin, para dar el pésame por la muerte de Luna, se mandó (1564-1565)"
17,29,(general / otros),ceremonia,pésame,diario,,cuerpo del diario,pésame y de la instrucción de su embajada es de septiembre de 1564
18,31,Felipe II (†1598),muerte,murió,diario,,cuerpo del diario,"cargo, lo consiguió finalmente y en una nueva misión mandada por Felipe II, murió el 13 de febrero de 1571"
19,32,Emperador Maximiliano II (†1576),muerte,muerte,diario,,cuerpo del diario,"cualquier caso, hasta en el lecho de muerte la actitud de Maximiliano II"
20,32,Felipe II (†1598),muerte,murió,diario,,cuerpo del diario,murió Enrique IV de Castilla
21,32,Felipe II (†1598),muerte,murió,diario,,cuerpo del diario,"desde Ratisbona, donde murió, llevaban la lacónica apostilla «si les parece que el Rey [Felipe II] la vea, en buena hora, y si no rómpanla»"
22,32,Felipe II (†1598),muerte,muerte,diario,,cuerpo del diario,"no saber qué hacer al llegar las noticas de la muerte de Maximiliano, así"
23,33,Felipe II (†1598),muerte,muerte,diario,,cuerpo del diario,"Para cumplimentar a Rodolfo II por la muerte de su padre, mandó"
24,37,Felipe II (†1598),muerte,murió,diario,,cuerpo del diario,"juegos cortesanos (en 1611 Matías había vencido a Rodolfo II, que murió"
25,39,Príncipe don Carlos,muerte,muerte,aparato,,señal aparato: vease,"Carlos, luego su muerte y finalmente la de la reina hicieron saltar por los"
26,39,Príncipe don Carlos,muerte,muerte,diario,,cuerpo del diario,"En verdad26, cuando llegó la notica de la muerte"
27,39,Felipe II (†1598),muerte,moría,diario,,cuerpo del diario,"Y entre tanto, se moría la reina Isabel de Valois y el trono de Felipe II"
28,40,Felipe II (†1598),muerte,murió,diario,,cuerpo del diario,"La ocupó hasta 1606, en que murió"
29,51,Felipe II (†1598),muerte,muerte,diario,,cuerpo del diario,"eso lugar tras la muerte de Gonzalo Pérez, acaecida el 12 de abril de 1566"
30,54,Felipe II (†1598),ceremonia,difunto,diario,sí,cuerpo del diario,"de nuestro difunto primo el señor Mauricio Cristóbal, el señor Agustín Khevenhüller"
31,54,Felipe II (†1598),muerte,moriría,diario,,cuerpo del diario,Un año más tarde moriría
32,58,Felipe II (†1598),muerte,muerte,diario,,cuerpo del diario,"de un año emblemático el de la muerte de Felipe II, 1598"
33,63,Emperador/triz (?),muerte,finó,diario,,cuerpo del diario,con sus sobremesas y tres alcatifas [tapetes de mesa finos]
34,65,(general / otros),ceremonia,hachas,diario,,cuerpo del diario,"un escritorio pequeño con papeles, velas y hachas de"
35,65,(general / otros),ceremonia,cera,diario,,cuerpo del diario,cera blanca
36,76,Emperador/triz (?),muerte,muerte,diario,,cuerpo del diario,Pero el acontecimiento más trágico que vivió aquel año fue el de la muerte del Emperador Fernando (Alcalá de
37,78,Emperador Maximiliano II (†1576),muerte,murió,diario,,cuerpo del diario,nació en Viena el 3 de junio de 1540 y murió en Graz
38,78,Príncipe don Carlos,muerte,muerte,aparato,,señal aparato: bne,llegó la noticia de la muerte del Príncipe don Carlos y se suspendió el
39,79,Príncipe don Carlos,muerte,muerte,aparato,,señal aparato: bne,"la acción política, detención y muerte de don Carlos, el testimonio que"
40,79,Felipe II (†1598),muerte,muerte,diario,,cuerpo del diario,"nuevo, una trágica noticia, la muerte de la reina Isabel de Valois, esposa"
41,79,Felipe II (†1598),muerte,murió,diario,,cuerpo del diario,«Murió –escribe Hans– de un mal parto que le sobrevino de
42,79,Felipe II (†1598),muerte,muerte,diario,,cuerpo del diario,pena de la prisión y muerte del Infante don Carlos y de otros accidentes»
43,79,Felipe II (†1598),ceremonia,pésame,aparato,,señal aparato: bne,los pésames y los asuntos de Flandes
44,80,Archiduque/esa,ceremonia,difunto,aparato,,señal aparato: bne,"del difunto» (BNE, 2571, p"
45,82,Príncipe (heredero),muerte,falleció,diario,,cuerpo del diario,"Cuando Kevenhuller falleció, era entonces su dueño Diego de Vargas Vivero, caballero de la orden de Calatrava y gentilhombre del príncipe Alberto de Austria"
46,87,Felipe II (†1598),muerte,moría,diario,,cuerpo del diario,El 12 de octubre de 1576 moría Maximiliano II en Ratisbona
47,87,Felipe II (†1598),ceremonia,pésame,diario,,cuerpo del diario,"A primeros de 1577 mandó Felipe II a don Luis Enríquez, Almirante de Castilla, a dar el pésame a Rodolfo II"
48,87,Felipe II (†1598),muerte,muerte,diario,,cuerpo del diario,la reciente muerte (22-IX-1577) de Wenceslao
49,89,Don Juan de Austria,muerte,muerte,diario,,cuerpo del diario,"Pero además, la muerte de don Enrique de Portugal provocó el que"
50,89,Felipe II (†1598),muerte,muerte,aparato,,señal aparato: bne,"191) Hans se detiene, cómo no, en la muerte el 26 de"
51,90,Felipe II (†1598),ceremonia,honras,diario,,cuerpo del diario,"Por ejemplo, las honras por la reina de España, la"
52,90,Emperatriz María (†1603),muerte,"fallecimiento, murió",aparato,,señal aparato: bne,A finales de diciembre murió don Diego y su fallecimiento entristeció a la
53,90,Príncipe (heredero),muerte,muerte,aparato,,señal aparato: bne,Igual de sonada fue la muerte del
54,91,Felipe II (†1598),muerte,moría,aparato,,señal aparato: p. 2,"En Madrid, mientras, moría la última hija de los que"
55,91,Emperador Maximiliano II (†1576),muerte,muriese,diario,,cuerpo del diario,a la gloriosa memoria del Emperador Fernando poco antes que muriese
56,91,Archiduque/esa,muerte,murió,diario,,cuerpo del diario,cual anduvo hasta el año de 1573 en que murió y el siguiente de 1575
57,95,Felipe II (†1598),muerte,muerte,diario,,cuerpo del diario,"están la muerte de un criado suyo en Praga, la pérdida de unos regalos"
58,95,Emperatriz María (†1603),muerte,muriera,aparato,,señal aparato: bne,Saboya había concebido varios hijos y pasaría el trono a ellos si muriera
59,96,Emperatriz María (†1603),muerte,murió,aparato,,señal aparato: bne,El 5 de enero murió Adam de Dietrichstein
60,96,Emperatriz María (†1603),muerte,muerte,aparato,,señal aparato: bne,Con ocasión de la muerte del confesor de Rodolfo II y el deseo de la Emperatriz
61,97,Felipe II (†1598),muerte,muerte,diario,,cuerpo del diario,"DE SU ENRAIZAMIENTO EN ESPAÑA, A LA MUERTE DE FELIPE II"
62,98,(general / otros),ceremonia,entierro,diario,,cuerpo del diario,pero también «dejarlas hecho monasterio para mi entierro como lo tenía
63,101,(general / otros),ceremonia,cadáver,aparato,,señal aparato: hans se,"Hans se revolviera en la tumba, en Madrid, unos años después y al aparecer su cadáver incorrupto"
64,104,Felipe II (†1598),muerte,muerte,diario,,cuerpo del diario,"Aprovechando la muerte, entre otros, del Arzobispo de Toledo, se"
65,104,Emperatriz María (†1603),muerte,murió,diario,,cuerpo del diario,de febrero de 1595 murió en Bruselas Ernesto de Austria
66,104,Emperatriz María (†1603),ceremonia,difunto,diario,,cuerpo del diario,Felipe II se hizo cargo de las deudas contraídas por el difunto en Flandes
67,105,Felipe II (†1598),muerte,murió,aparato,,señal aparato: hans anota,Drake murió en una de sus
68,106,Felipe II (†1598),muerte,murió,diario,,cuerpo del diario,Gregoria Maximiliana murió
69,107,Emperatriz María (†1603),muerte,muerte,aparato,,señal aparato: hans anota,DE LAS GRANDEZAS DE ESPAÑA A LA MUERTE
70,109,Felipe II (†1598),ceremonia,enterrada,diario,,cuerpo del diario,"Sin embargo, ahora, pedía ser enterrada en las Descalzas, mientras viviera Margarita allí"
71,109,Emperador/triz (?),muerte,muerte,diario,,cuerpo del diario,Hasta el doce de marzo no se comunicó al Emperador la muerte de
72,110,Reina (?),muerte,muerte,diario,,cuerpo del diario,al Conde su pesar por la muerte de la Reina
73,110,Reina (?),muerte,muerte,diario,,cuerpo del diario,Desde luego él respiró aliviado porque con la muerte de doña María podría empezar la disolución
74,110,Reina (?),muerte,muerte,diario,,cuerpo del diario,"que la muerte en Buitrago de la esposa de Lerma se debió a la tristeza… Hubo otros acontecimientos sonados en la Corte, como la detención de la Marquesa del Valle, «a quien poco antes había engrandecido"
75,111,Emperador/triz (?),muerte,muerte,diario,,cuerpo del diario,"E incluso protegido por nuestro protagonista cuando el Emperador con excesiva insistencia le decía que volviera a «Alemania», estando el pobre al borde de la muerte en Madrid"
76,111,Emperador/triz (?),muerte,murió,diario,,cuerpo del diario,"Murió también el marqués de Mondéjar, casado con Beatriz de Dietrichstein"
77,112,(general / otros),ceremonia,difunta,diario,,cuerpo del diario,"de Valencia, y los reyes de Inglaterra (la difunta Isabel) y Francia para"
78,112,(general / otros),ceremonia,sepultar,diario,,cuerpo del diario,"habiéndosele dado, volvió a sepultar en el último y profundísimo"
79,113,(general / otros),ceremonia,enterrado,diario,,cuerpo del diario,"Toisón y las demás cosas que según su dignidad eran necesarias estuvo tres días sin ser enterrado a vista de todos, hasta que presentes"
80,113,(general / otros),ceremonia,sepulcro,aparato,,señal aparato: bne,"donde estuvo depositado por tiempo de diez años, pasados los cuales desde allí fue llevado al monasterio real de San Jerónimo y puesto en el sepulcro y capilla que él mismo se había edificado» (BNE, 2571"
81,113,Emperatriz María (†1603),ceremonia,difunta,diario,,cuerpo del diario,"Ante el licenciado Oribe de Vergara, Teniente de Corregidor se ha presentado don Rodrigo del Águila, Mayordomo Mayor de la Emperatriz ya difunta y don Juan Carrillo"
82,113,Emperatriz María (†1603),muerte,murió,diario,,cuerpo del diario,"«Dijeron que esta noche, a las ocho y media de ella poco más o menos, murió y pasó de esta presente vida el señor varón Juan Quibinel"
83,114,(general / otros),ceremonia,luto,diario,,cuerpo del diario,"a Arnoldo Flamengo, un vestido de luto"
84,114,Emperatriz María (†1603),ceremonia,luto,diario,,cuerpo del diario,"a Pedro Fuerte, 250 ducados y un vestido de luto"
85,114,Emperatriz María (†1603),ceremonia,luto,diario,,cuerpo del diario,"Emperatriz y él lo hizo maestresala suyo, 50 ducados y un vestido de luto"
86,115,(general / otros),ceremonia,luto,diario,,cuerpo del diario,"cribano 200 ducados y como a todos, un vestido de luto"
87,116,(general / otros),ceremonia,"enterrado, entierro",diario,,cuerpo del diario,"Luego, ordenaba ser enterrado en Madrid ahora sí «entierro honrado"
88,119,(general / otros),ceremonia,enterrado,diario,,cuerpo del diario,quería ser enterrado en
89,119,(general / otros),ceremonia,ataúd,diario,,cuerpo del diario,"San Pedro de Madrid, en un ataúd «como se suele poner a gentes de mi"
90,119,(general / otros),ceremonia,cadáver,diario,,cuerpo del diario,Que el acompañamiento del cadáver se
91,120,(general / otros),ceremonia,entierro,diario,,cuerpo del diario,"entierro y dos capellanes, todo lo cual se habría de hacer con «solemnidad y con música de canto de órgano y ministriles y los cantores sean"
92,120,(general / otros),ceremonia,responso,diario,,cuerpo del diario,"acabada la fiesta, se rezaría un responso"
93,121,(general / otros),ceremonia,cera,diario,,cuerpo del diario,"para la cera, hostias y vino, 9"
94,121,(general / otros),ceremonia,funeral,diario,,cuerpo del diario,Que fueran ellos los que decidieran sobre la pompa funeral
95,122,(general / otros),ceremonia,entierro,diario,sí,cuerpo del diario,"Pero «como no hallé traza para dejarla hecha monasterio para mi entierro, como tenía pensado»"
96,122,(general / otros),ceremonia,"enterrado, sepultura",diario,,cuerpo del diario,así por más que él diga que «su cuerpo no fue enterrado en su sepultura
97,122,(general / otros),ceremonia,sepultura,diario,,cuerpo del diario,"propia», lo cual no es cierto, porque se trasladó a su sepultura propia en"
98,123,(general / otros),ceremonia,entierro,diario,,cuerpo del diario,«Y toda la plata y la casa de Arganda para poder cumplir lo que mandó se hiciese en la capilla para su entierro y fundación de capellanes
99,123,(general / otros),ceremonia,"entierro, luto, lutos",diario,,cuerpo del diario,"el entierro y los lutos, 1"
100,125,Emperatriz María (†1603),ceremonia,difunta,diario,,cuerpo del diario,"de la difunta emperatriz doña María, y que ahora está al servicio de la"
101,126,(general / otros),ceremonia,cadáver,diario,,cuerpo del diario,"EL INVENTARIO DE LOS BIENES (I), CON SU CADÁVER PRESENTE"
102,127,(general / otros),ceremonia,difunto,diario,,cuerpo del diario,«habiendo reconocido el cuerpo difunto en una sala alta donde estaba vestido con el hábito e insignia del Toisón con la decencia y ornato debido y conveniente a semejante persona…»
103,127,(general / otros),ceremonia,cadáver,diario,,cuerpo del diario,"decoro al cadáver, se cerraron las habitaciones destinadas a su custodia"
104,128,(general / otros),ceremonia,enterrar,diario,,cuerpo del diario,Supongo que al día siguiente se llevaron a enterrar a San Pedro el
105,128,(general / otros),ceremonia,cadáver,diario,,cuerpo del diario,cadáver de Hans
106,128,(general / otros),ceremonia,"difunto, difuntos",diario,,cuerpo del diario,"no queda archivo, ni libro de difuntos, ni nada"
107,128,(general / otros),ceremonia,difunto,diario,,cuerpo del diario,querían «proseguir y hacer inventario de los bienes del dicho señor embajador difunto»
108,131,Emperatriz María (†1603),muerte,finó,aparato,,señal aparato: fol.,"en medio un unicornio muy fino, que parece dio la Majestad de la señora Emperatriz» (1 marzo y 7 onzas, fol"
109,133,(general / otros),ceremonia,honras,diario,,cuerpo del diario,El 20 de mayo de 1606 se hicieron las honras por Hans
110,133,(general / otros),ceremonia,honras,diario,,cuerpo del diario,honras del señor embajador no hubo lugar de juntarse para proseguir el
111,149,(general / otros),ceremonia,cera,diario,,cuerpo del diario,de cera blanca y doradas con armas
112,156,(general / otros),ceremonia,"cera, hachas",diario,,cuerpo del diario,"se recojan objetos como «la cesta blanca para fruta, con dos repartimientos», o los hacheros para el transporte de las hachas de cera, o las cajas"
113,157,Emperatriz María (†1603),ceremonia,cera,diario,,cuerpo del diario,"moscada, aceite de cera, aceite de espíritu de labenduce, aceite de liqui"
114,159,(general / otros),ceremonia,difunto,diario,,cuerpo del diario,"bienes del difunto y que para poderse cumplir con las mandas testamentarias, «es necesario que se haga almoneda y se vendan los bienes de"
115,161,(general / otros),ceremonia,difunto,diario,,cuerpo del diario,"embajador difunto…, o las iba a dar a sus criados (ents"
116,170,(general / otros),ceremonia,cadáver,diario,,cuerpo del diario,UN CADÁVER VIAJERO
117,170,(general / otros),ceremonia,entierro,diario,,cuerpo del diario,"Real extramuros de esta dicha Villa, que es la capilla y entierro del dicho"
118,171,(general / otros),ceremonia,entierro,diario,,cuerpo del diario,medio que tapaba una tumba del entierro del señor Embajador y otro
119,171,(general / otros),ceremonia,ataúd,diario,,cuerpo del diario,"Dentro del arca, había un ataúd grande de terciopelo negro guarnecido con pasamanos de oro y tachonado con tachuelas doradas"
120,171,(general / otros),ceremonia,ataúd,diario,,cuerpo del diario,Se sacó el ataúd del arca y se puso
121,171,(general / otros),ceremonia,ataúd,diario,,cuerpo del diario,«Y dentro de él [ataúd] pareció estar el dicho señor embajador
122,171,(general / otros),ceremonia,"ataúd, responso",diario,,cuerpo del diario,y encendidas las velas que había alrededor del ataúd le dijeron un solemne responso
123,171,(general / otros),ceremonia,ataúd,diario,,cuerpo del diario,En San Jerónimo «pusieron el dicho ataúd y cuerpo en medio del
124,171,(general / otros),ceremonia,"entierro, hachas",diario,,cuerpo del diario,"capítulo del dicho monasterio donde es el entierro del dicho señor Embajador, encima de una tumba grande» con seis hachas blancas ardiendo"
125,171,(general / otros),ceremonia,ataúd,diario,,cuerpo del diario,Allá quedó el ataúd hasta el día siguiente
126,171,(general / otros),ceremonia,entierro,diario,,cuerpo del diario,metiera «en la bóveda del dicho capítulo que es el entierro del dicho
127,172,(general / otros),ceremonia,entierro,diario,,cuerpo del diario,le diera entierro en San Jerónimo94
128,172,(general / otros),ceremonia,responso,diario,,cuerpo del diario,"Los monjes aceptaron, aunque querían decirle una misa y un responso como era costumbre"
129,172,(general / otros),ceremonia,responso,diario,,cuerpo del diario,"acabar, hubo un responso cantado también"
130,172,(general / otros),ceremonia,ataúd,diario,,cuerpo del diario,De nuevo se abrió el ataúd y
131,172,(general / otros),ceremonia,ataúd,diario,,cuerpo del diario,"ataúd, se hizo la entrega correspondiente y desde el capítulo lo llevaron"
132,172,(general / otros),ceremonia,ataúd,diario,,cuerpo del diario,del suelo el ataúd
133,172,(general / otros),ceremonia,ataúd,diario,,cuerpo del diario,"sobre todo, por «la fragancia» que «exhaló» el ataúd que se abrió un"
134,172,(general / otros),ceremonia,difunto,diario,,cuerpo del diario,"…«a la capilla del señor licenciado Morillas difunto […] que es pared y medio del dicho capítulo donde estaba, por lo bajo al suelo, rompida [rota] la pared que divide la dicha capilla y capítulo»"
135,172,(general / otros),ceremonia,entierro,aparato,,señal aparato: ahn,Así que «en el hueco de la dicha pared que parece es la bóveda del dicho entierro y debajo del
136,172,(general / otros),ceremonia,ataúd,aparato,,señal aparato: ahn,su cuerpo dentro del dicho ataúd en la dicha bóveda»
137,173,(general / otros),ceremonia,ataúd,aparato,,señal aparato: ahn,"Sacaron el ataúd, lo abrieron y"
138,173,(general / otros),ceremonia,ataúd,diario,,cuerpo del diario,"Así que, por la razón que fuera movieron de nuevo el ataúd, pero"
139,173,(general / otros),ceremonia,ataúd,diario,,cuerpo del diario,el ataúd y «le limpiamos el polvo»
140,174,(general / otros),ceremonia,entierro,diario,,cuerpo del diario,responde al entierro originario
141,174,Emperador/triz (?),ceremonia,enterrado,diario,,cuerpo del diario,Dice Quintana que «en el Capítulo está enterrado el Conde don Juan Rhebeniler [sic] –Embajador del
142,174,Emperador/triz (?),muerte,finó,diario,,cuerpo del diario,"Emperador– como lo dice la inscripción siguiente, escrita en un fino"
143,174,(general / otros),ceremonia,sepulcro,aparato,,señal aparato: pp. 3,«Sobre el sepulcro inédito del Obispo de Fossano en Colmenar de Oreja y su
144,174,(general / otros),ceremonia,sepulcro,aparato,,señal aparato: pp. 3,"relación con el sepulcro del Embajador Kevenhüller [sic]» en Archivo Español de Arte, (Madrid) 315"
145,175,(general / otros),ceremonia,sepulcro,diario,,cuerpo del diario,del Evangelio [de la capilla] se ve un magnifico sepulcro de mármol
146,175,(general / otros),ceremonia,entierro,diario,,cuerpo del diario,San Jerónimo el Real para que fuese su capilla y entierro perpetuo y
147,176,(general / otros),ceremonia,entierro,diario,,cuerpo del diario,sobre la compra del entierro y fundación de la capellanía y demás»
148,176,(general / otros),ceremonia,entierro,diario,,cuerpo del diario,para que sea y perpetuamente sirva de capilla y entierro perpetuo del
149,176,(general / otros),ceremonia,enterrar,diario,,cuerpo del diario,"que si alguna vez un Khevenhüller muriere en España, se podría enterrar junto a Hans así como que si hubiera algún descendiente en España, podría entrar todas las veces que quisiera en la mencionada capilla"
150,177,(general / otros),ceremonia,entierro,diario,,cuerpo del diario,«por el dicho entierro»
151,177,(general / otros),ceremonia,entierro,diario,,cuerpo del diario,se hace la capilla y entierro del dicho señor embajador Juan Khevenjeler y en el altar de ella se ha de poner y asentar un retablo de Nuestra
152,178,(general / otros),ceremonia,entierro,diario,,cuerpo del diario,la memoria y fundación de la dicha capilla y entierro la cual se ha de
153,179,(general / otros),ceremonia,"entierro, sepultura",diario,,cuerpo del diario,"para que sea entierro y sepultura del dicho señor embajador, de lo"
154,179,(general / otros),ceremonia,entierro,diario,,cuerpo del diario,"tienen vista y considerada y conforme a ella se quieren obligar y encargar de hacer, labrar y fabricar la dicha capilla, bóveda y entierro…»"
155,181,Felipe II (†1598),muerte,muerte,diario,,cuerpo del diario,"Maximiliano II, que compró el Duque de Uceda tras la muerte del Embajador (y que acabó como regalo de Felipe III al rey de Persia) estaba"
156,184,Emperatriz María (†1603),muerte,muerte,diario,,cuerpo del diario,"En cualquier caso, después de la muerte en las Descalzas de la Emperatriz viuda doña María (1603), desarbolada la facción cortesana austracista, prácticamente congeladas las relaciones entre Madrid y Praga"
157,188,(general / otros),ceremonia,pésame,diario,,cuerpo del diario,"cabeza con dos colmillos de un elefante de mar, y pésame mucho que"
158,190,(general / otros),ceremonia,sepultura,aparato,,sección estudio/inventario (pp. 190-219),en el claustro de la catedral la gran lápida de bronce que cubría su sepultura
159,190,Emperatriz María (†1603),muerte,murió,aparato,,sección estudio/inventario (pp. 190-219),Isabel nació en 1554 y murió en 1592
160,192,Emperatriz María (†1603),muerte,murió,aparato,,sección estudio/inventario (pp. 190-219),Allí murió en 1633
161,208,Emperador/triz (?),muerte,falleció,aparato,,sección estudio/inventario (pp. 190-219),"En la Villa de Madrid, a primero día del mes de junio de mil y seiscientos y seis años, los dichos Gregorio Sánchez, regidor de ella, y contador Domingo Gutiérrez, se volvieron a juntar en las casas donde falleció"
162,208,Emperador/triz (?),muerte,muerte,aparato,,sección estudio/inventario (pp. 190-219),va haciendo de los bienes que por su muerte quedaron y acordaron que
163,211,Emperatriz María (†1603),ceremonia,honras,aparato,,sección estudio/inventario (pp. 190-219),"Otro, de las Honras que se hicieron a la señora Emperatriz en la"
164,211,Emperatriz María (†1603),ceremonia,honras,aparato,,sección estudio/inventario (pp. 190-219),[Libro de las honras que hizo el Colegio de la Compañía de Jesús
165,211,Felipe II (†1598),ceremonia,honras,aparato,,sección estudio/inventario (pp. 190-219),Un librillo del Sermón y honras que esta Villa de Madrid hizo en
166,211,Felipe II (†1598),ceremonia,honras,aparato,,sección estudio/inventario (pp. 190-219),Sermón fúnebre que predicó el Maestro Fray Alonso Cabrera predicador de su Magestad en las honras del
167,214,(general / otros),ceremonia,officium,aparato,,sección estudio/inventario (pp. 190-219),Officium b
168,214,Emperatriz María (†1603),ceremonia,honras,aparato,,sección estudio/inventario (pp. 190-219),Relación de las honras que se hicieron a la señora Emperatriz por
169,214,Emperatriz María (†1603),ceremonia,honras,aparato,,sección estudio/inventario (pp. 190-219),Sermón que en las honras de la
170,219,(general / otros),ceremonia,cera,aparato,,sección estudio/inventario (pp. 190-219),"Tal vez «Un retrato de cera del señor Embajador, en una caja de ébano», fol"
171,220,Emperador/triz (?),ceremonia,difunto,diario,,cuerpo del diario,"ella contenido toca en cualquier manera, sabed que por parte de Luis de Alarcón contador en la nuestra Contaduría de mayor de cuentas y Bernardo Esliesnequer como testamentarios de Juan Quebenheler, difunto embajador que fue"
172,220,Emperador/triz (?),muerte,murió,diario,,cuerpo del diario,relación que en el testamento debajo de cuya disposición murió dejó mandado
173,221,Emperador/triz (?),ceremonia,difunto,diario,,cuerpo del diario,«Breve extracto sacado de diversos escritos de mi amado y difunto padre el señor
174,222,(general / otros),ceremonia,difunto,diario,,cuerpo del diario,"difunto padre, se casó por primera vez el 8 de junio, Corpus Christi, en"
175,222,(general / otros),ceremonia,difunta,diario,,cuerpo del diario,"matrimonio con la mencionada señora Isabel, su difunta esposa"
176,222,(general / otros),ceremonia,difunto,diario,,cuerpo del diario,"noviembre de 1556 en vida de nuestro señor padre difunto, como se verá"
177,222,(general / otros),ceremonia,difunto,diario,,cuerpo del diario,"día de San Calixto, nací yo, Juan Khevenhüller, según cuenta mi difunto padre, a las 7 de la tarde"
178,222,(general / otros),ceremonia,difunto,diario,,cuerpo del diario,Me llamaron como a mi difunto abuelo el señor Juan Mannsdorff
179,223,Reina (?),muerte,muerte,diario,,cuerpo del diario,"de los Romanos, se había acomodado en Neustadt con sus cortesanos huyendo de Viena y de la muerte, y como mi señor padre era servidor y consejero de su esposo, S"
180,223,(general / otros),ceremonia,"difunto, fallecido",diario,,cuerpo del diario,"haber fallecido mi difunto padre, escuchó mis consejos y conocimientos de"
181,223,(general / otros),ceremonia,"difunto, difuntos",diario,,cuerpo del diario,"Las siguientes palabras de mi señor padre acerca de mi señora madre, ambos difuntos, se presentan aquí palabra a palabra, por lo que he"
182,224,(general / otros),ceremonia,"difunta, fallecimiento",diario,,cuerpo del diario,"Tras el fallecimiento de mi difunta madre, mi padre estuvo viudo"
183,226,(general / otros),ceremonia,difunto,diario,,cuerpo del diario,"señora madre del difunto señor Mauricio Welzer, de soltera Hohenwart"
184,226,Archiduque/esa,ceremonia,difunto,diario,,cuerpo del diario,"Carintia, mi querido primo, que tomó por esposa a Ana, de soltera Tursin, viuda del difunto señor Cristóbal Welzer"
185,227,(general / otros),ceremonia,difunto,diario,,cuerpo del diario,En 1551 mi difunto padre y su esposa tuvieron otra hija que no en- ﻿
186,227,(general / otros),ceremonia,difunto,diario,,cuerpo del diario,A continuación se relata lo que mi difunto padre proyectó con mi
187,228,(general / otros),ceremonia,difunto,diario,,cuerpo del diario,"En el año 1555 mi difunto padre, debido a sus enfermedades causadas por las constantes cargas, me requirió a su lado por lo que interrumpí mis estudios, pues debía aprender su trabajo mientras estuviera con"
188,228,(general / otros),ceremonia,"fallecimiento, honras",diario,,cuerpo del diario,"fallecimiento no honras justa y debidamente a tu madrastra, quizá hablaré"
189,229,(general / otros),ceremonia,difunto,diario,,cuerpo del diario,"A pesar de que si lo digo yo, su hijo, resulte dudoso, puedo afirmar, fundándome en la verdad, que mi difunto padre fue un hombre"
190,230,Carlos V,muerte,muerte,diario,,cuerpo del diario,Muerte de Carlos V
191,230,Carlos V,muerte,falleció,diario,,cuerpo del diario,Ese mismo año falleció en el mes de septiembre nuestro admirado
192,230,Emperador/triz (?),ceremonia,"exequias, luto",diario,,cuerpo del diario,"luto en nuestra corte, y sus exequias fueron celebradas magníficamente en Augsburgo por su hermano el Emperador Fernando, que le sucedió inmediatamente"
193,231,Felipe II (†1598),muerte,murió,aparato,,señal aparato: ags,Enrique II de Francia murió durante las fiestas por la firma de la paz de Cateau Cambresis y
194,231,Felipe II (†1598),muerte,muerte,aparato,,señal aparato: ags,"nueva de la muerte del Rey de Francia ha llegado aquí», escribe el conde de Luna desde Viena el"
195,231,Felipe II (†1598),ceremonia,pésame,aparato,,señal aparato: ags,pésame para insistir en la necesidad de la defensa del catolicismo en Francia
196,232,Carlos V,muerte,fallecido,diario,sí,cuerpo del diario,"clementísimo, hija de Carlos V y hermana de Felipe, había fallecido"
197,237,Felipe II (†1598),muerte,murió,diario,,cuerpo del diario,Murió
198,238,Archiduque/esa,muerte,muerte,diario,,cuerpo del diario,Muerte de un hijo de Bartolomé Khevenhüller
199,247,Emperador Maximiliano II (†1576),muerte,muerte,diario,,cuerpo del diario,Su muerte fue indigna de
200,250,Carlos V,muerte,muerte,diario,,cuerpo del diario,"Muerte del Emperador Fernando I de Austria, hijo de Felipe el Hermoso"
201,250,Carlos V,muerte,falleció,diario,,cuerpo del diario,"El 25 de julio de ese año, el día de Santiago, falleció cristianamente"
202,250,Archiduque/esa,muerte,muerte,diario,,cuerpo del diario,"[Maximiliano, por la muerte del padre]"
203,250,Emperador/triz (?),ceremonia,cadáver,diario,sí,cuerpo del diario,Traslación del cadáver a Praga
204,250,Emperador/triz (?),ceremonia,cadáver,diario,sí,cuerpo del diario,"abrió el cadáver, que fue al día siguiente"
205,250,Emperador/triz (?),muerte,falleció,diario,sí,cuerpo del diario,"Tan pronto falleció cristianamente el Emperador Fernando, S"
206,250,Emperador/triz (?),ceremonia,"exequias, muerte",diario,,cuerpo del diario,"Es curiosa la poca atención que presta Hans a la muerte y exequias de Fernando I, aun a"
207,250,Felipe II (†1598),ceremonia,cadáver,aparato,,señal aparato: ags,"detalle estos acontecimientos, además de la traslación del cadáver"
208,250,Felipe II (†1598),muerte,"fallecimiento, muerte",aparato,,señal aparato: ags,Muestras de pesar por el fallecimiento del Emperador y reflexiones sobre la vida y la muerte
209,250,Felipe II (†1598),muerte,muerte,aparato,,señal aparato: ags,"En E-652, 53 la comunicación oficial de Maximiliano de la muerte de"
210,251,Emperador/triz (?),muerte,fallecimiento,diario,,cuerpo del diario,"antes de su fallecimiento a su confesor Litardo, que cuando estuviera"
211,251,Emperador Maximiliano II (†1576),ceremonia,exequias,diario,,cuerpo del diario,Las exequias
212,251,Felipe II (†1598),muerte,muerte,diario,,cuerpo del diario,La muerte de Fernando y la proclamación de Maximiliano iban acompañadas de un gran
213,251,Emperatriz María (†1603),ceremonia,pésame,aparato,,señal aparato: ags,pésame al conde de Fuensalida e inmediatamente a Chantonay (el hermano del Cardenal Granvela)
214,251,Felipe II (†1598),ceremonia,"muerte, pésame",aparato,,señal aparato: ags,"Como digo, simultáneamente se mandó al conde de Fuensalida, por la vía de Bruselas y Baviera, a Viena a dar el pésame por la muerte del Emperador Fernando I, en nombre de Felipe II"
215,252,(general / otros),ceremonia,pésame,diario,,cuerpo del diario,"No obstante, hay un borrador de pésame de don"
216,255,Emperador Maximiliano II (†1576),muerte,falleció,diario,,cuerpo del diario,mencionado falleció pocos días después en Viena aquejado de disentería
217,255,Felipe II (†1598),ceremonia,"funeral, funerales",aparato,,señal aparato: ags,a los de Ferrara…» Todo ello en la víspera de los funerales por Fernando I
218,256,Emperatriz María (†1603),ceremonia,cadáver,aparato,,señal aparato: ags,"Los silencios de Hans sobre la traslación del cadáver de Fernando a Praga son, cuando menos, extraños"
219,257,Archiduque/esa,ceremonia,honras,diario,,cuerpo del diario,"Aun a pesar de los buenos votos de Hans, la llegada en julio de 1565 del Archiduque Fernando a Viena para las honras de su padre Fernando I fue apoteósica…, o patética"
220,258,Papa/Pontífice,ceremonia,"condolencia, condolencias",diario,,cuerpo del diario,"Hans es enviado de nuevo a Italia, para dar las condolencias en nombre"
221,258,Emperatriz María (†1603),muerte,muerte,diario,,cuerpo del diario,del Emperador por la muerte del Papa
222,265,Emperador/triz (?),ceremonia,sepultura,diario,,cuerpo del diario,fue conducido a la santa casa del conde y ahí recibió sepultura con la
223,266,Archiduque/esa,muerte,muerte,diario,,cuerpo del diario,"como resultado de la disputa y los disparos, hubo dos muertes"
224,267,Emperatriz María (†1603),muerte,murió,aparato,,señal aparato: ags,Este Carlos murió en 1566
225,267,Emperatriz María (†1603),muerte,murió,aparato,,señal aparato: ags,"«A los xxiii de este [mayo de 1566] murió de viruelas en Viena el hijo del Emperador que nació postreramente a los xxvii de septiembre» Chantonay a Felipe II, desde Augusta, 31-VI-1566, AGS, E-655, 45"
226,272,Archiduque/esa,ceremonia,"muerte, pésame",diario,,cuerpo del diario,y el pésame de la muerte de la princesa Margarita…» Pero resulta que Fernando estaba en Múnich
227,272,(general / otros),ceremonia,pésame,aparato,,señal aparato: ags,"Fernando agradeciendo el pésame es de Innsbruck, 2-X-1567 y está en AGS, E-657, 100"
228,273,Felipe II (†1598),muerte,muerte,aparato,,señal aparato: ags,"luego, por los gravísimos problemas en Palacio (don Carlos, muerte de la reina…)"
229,274,Felipe II (†1598),ceremonia,honras,aparato,,señal aparato: ags,"de las mercedes y honras que Vuestra Majestad le ha mandado hacer…», si bien parece ser que"
230,277,Reina (?),muerte,fallecido,diario,,cuerpo del diario,"Margarita, soltera, hija del Emperador Fernando, había fallecido cristianamente el 14 de marzo en Innsbruck250"
231,277,Emperador/triz (?),muerte,muerte,aparato,,señal aparato: vease,"«Ha venido acá nueva de la muerte de la princesa Margarita, hermana del Emperador, la cual"
232,277,Felipe II (†1598),ceremonia,luto,aparato,,señal aparato: ags,"de un año y medio a esta parte andaba ética, por la cual el Emperador se pone luto y la Corte también, por tres meses», de Chantonay a Felipe II, Praga, 20-III-1567, AGS, E-657, 34"
233,285,Príncipe (heredero),muerte,murió,aparato,,señal aparato: hans se,parte del rey de Francia murió el viejo y honrado Condestable
234,286,Archiduque/esa,ceremonia,cera,diario,,cuerpo del diario,"«Karl, Erzherzog von Österreich, verleiht Hans Khevenhüller […] uns seinen Brüdern den Wildbann in der Herrschaft und im Landgericht Landskron» (Carlos, Archiduque de Austria, concede a Hans Khevenhüller […] y a sus hermanos los derechos de caza en el señorío y jurisdicción de Landscron), Original en pergamino con sello en cera y lacre, Graz, 1-XII-1567"
235,289,Felipe II (†1598),muerte,falleció,aparato,,señal aparato: ags,"El día 24, víspera de Santiago, falleció"
236,296,Príncipe don Carlos,muerte,muerte,diario,,cuerpo del diario,aplaza el viaje al saberse la nueva de la muerte de don Carlos
237,297,Príncipe don Carlos,muerte,fallecido,diario,,cuerpo del diario,había fallecido el 24 de julio –la víspera de Santiago– se canceló
238,297,Príncipe don Carlos,muerte,muerte,diario,,cuerpo del diario,"Efectivamente, Chantonay fue informado de la muerte de don Carlos por carta de 27 de julio"
239,297,Emperador/triz (?),ceremonia,luto,diario,,cuerpo del diario,«lo han sentido mucho y se han puesto luto y mandado a todos los de la Corte que a lo menos se
240,297,(general / otros),ceremonia,pésame,diario,,cuerpo del diario,«Andan remirando a quién enviarán para dar el pésame a Vuestra Majestad y para esto han
241,298,Príncipe don Carlos,muerte,muriera,aparato,,señal aparato: ags,"que, además se muriera el príncipe don Carlos"
242,298,Felipe II (†1598),ceremonia,pésame,aparato,,señal aparato: ags,La notificación de este desplazamiento y el pésame del archiduque a Felipe II
243,300,Reina Isabel de Valois,muerte,muerte,diario,sí,cuerpo del diario,1568 Primeras noticas de la muerte de Isabel de Valois
244,300,Reina Isabel de Valois,muerte,fallecimiento,diario,sí,cuerpo del diario,"Allí oí por primera vez del fallecimiento de la reina de España, aunque sólo superficialmente, que habría muerto al dar a luz a un niño"
245,302,Emperador/triz (?),muerte,murió,diario,,cuerpo del diario,Murió a finales de mayo de 1605
246,303,Felipe II (†1598),ceremonia,pésame,diario,,cuerpo del diario,Pésames
247,303,Felipe II (†1598),ceremonia,"condolencia, condolencias, fallecimiento",diario,,cuerpo del diario,audiencia ante el rey para presentar sus condolencias por el fallecimiento del príncipe y de la reina
248,304,Cardenal,ceremonia,"condolencia, condolencias",diario,,cuerpo del diario,"El 28 del mes citado llegó a Madrid acompañado por el cardenal Espinosa, el cardenal de Guisa, para presentar sus condolencias al rey por"
249,304,Cardenal,muerte,fallecimiento,diario,,cuerpo del diario,el fallecimiento de la reina y a causa de otros muchos asuntos que había
250,305,Príncipe don Carlos,muerte,fallecido,diario,,cuerpo del diario,"la princesa Ana, que había estado prometida a su hijo, el fallecido príncipe Carlos"
251,318,Felipe II (†1598),muerte,muerte,diario,,cuerpo del diario,Muertes
252,326,Príncipe (heredero),muerte,fallecido,diario,sí,cuerpo del diario,El 13 llegaron noticias de que había fallecido el príncipe elector de
253,327,Archiduque/esa,muerte,falleció,diario,,cuerpo del diario,"El 13 del mismo mes falleció allí Tomás de Cantoné [Chantonay], antiguo embajador español, cuando viajaba de Espira a Besanzón"
254,328,Papa/Pontífice,muerte,falleció,diario,,cuerpo del diario,"El 22 de ese mes falleció en Praga el Nuncio papal, de la dinastía"
255,329,Archiduque/esa,muerte,falleció,diario,sí,cuerpo del diario,"El 30 de mayo comenzó la Dieta de Bohemia, el 4 falleció de tifus el"
256,329,Reina (?),muerte,fallecido,diario,,cuerpo del diario,"señor Juan de Weissprach, había fallecido el 5 de ese mes, con él se extinguió ese apellido masculino y la estirpe"
257,330,Emperatriz María (†1603),muerte,fallecido,diario,,cuerpo del diario,"hasta allá, había fallecido de tifus el día 6 de mayo en Madrid"
258,332,Archiduque/esa,muerte,falleció,diario,sí,cuerpo del diario,"Mientras estaba yo de viaje, falleció en Milán el citado"
259,337,(general / otros),ceremonia,hachas,diario,,cuerpo del diario,"órdenes y se tome la acera, toda que se hallare, así de velas como de hachas, para que se lleve a la"
260,337,(general / otros),ceremonia,cera,diario,,cuerpo del diario,"dicha procesión, para que si se suele, como en semejantes procesiones, llevar cera se lleve, y si no se"
261,337,(general / otros),ceremonia,cera,diario,,cuerpo del diario,"Y se tome la cera que fuere menester para que esté prevenido, para que si se ha de llevar se"
262,337,(general / otros),ceremonia,cera,diario,,cuerpo del diario,Y se nombra por comisario para lo de la cera al señor don Gaspar y lo
263,337,(general / otros),ceremonia,hachas,diario,,cuerpo del diario,y páguese asimismo muchas hachas que se han tomado
264,337,(general / otros),ceremonia,luminarias,diario,,cuerpo del diario,que se pongan luminarias y se hagan hogueras
265,337,(general / otros),ceremonia,"cera, hachas, luminarias",diario,,cuerpo del diario,"las hachas para ello de las que tiene en su poder de cera y pez, y también haga poner luminarias en la"
266,337,(general / otros),ceremonia,hachas,diario,,cuerpo del diario,mismas hachas que su poder tiene
267,337,(general / otros),ceremonia,cera,diario,,cuerpo del diario,"y se compren diez libras de velas de cera y el cordel que fuera menester, y se pague de sobras de rentas por cédula del señor teniente y del dicho señor Pedro Rodríguez"
268,339,(general / otros),ceremonia,luminarias,diario,,cuerpo del diario,sobre ello a los dichos señores les pareció que la noche del parto se pongan luminarias y se hagan
269,339,(general / otros),ceremonia,hachas,diario,,cuerpo del diario,"hogueras y se compren para ello manojos de sarmientos y las demás hachas y velas que parece fueren necesarias y se concierten trompetas, atabales, atento que esta Villa tiene ningunos, y más música de ministriles y chirimías, y se concierte luego"
270,339,(general / otros),ceremonia,hachas,diario,,cuerpo del diario,"corregidor y del dicho señor don Pedro, a quien se comete, con la demás comisión y Pedro Rodríguez de Alcántara traiga las hachas que están mandadas hacer, para cada uno la suya"
271,340,Príncipe (heredero),ceremonia,hachas,diario,,cuerpo del diario,Villa pusiese premios y lo hiciese pregonar y les diesen música y hachas y que de aquí al día que se
272,340,(general / otros),ceremonia,hachas,diario,,cuerpo del diario,hachas para las fiestas que se hubieren de hacer y se le notifique a Luis Calderón
273,345,Reina (?),muerte,muerte,diario,,cuerpo del diario,"de la muerte de la reina de Polonia, Catalina de Austria"
274,345,Reina (?),muerte,fallecimiento,diario,sí,cuerpo del diario,"fallecimiento en Linz de Catalina, reina de Polonia"
275,346,Papa/Pontífice,muerte,fallecido,diario,,cuerpo del diario,fallecido en Roma el 1 de mayo
276,346,Papa/Pontífice,muerte,fallecido,diario,,cuerpo del diario,"Mucho y justamente alabo la memoria del citado papa fallecido, pues en el año 1566 y por orden de S"
277,348,Archiduque/esa,muerte,falleció,diario,,cuerpo del diario,El 7 de julio falleció el rey Segismundo de Polonia
278,348,Archiduque/esa,muerte,falleció,diario,sí,cuerpo del diario,el niño falleció poco después
279,349,Emperatriz María (†1603),muerte,falleció,diario,,cuerpo del diario,"El 19 falleció la duquesa Bárbara de Ferrara, Dios conceda a su alma"
280,350,Archiduque/esa,muerte,muerte,diario,,cuerpo del diario,[vacante] tras la muerte del conde Francisco de Thurn
281,351,Emperador/triz (?),muerte,murió,diario,sí,cuerpo del diario,"y honesto servidor Miguel Strauss, que murió el 1 de este mes"
282,353,Emperatriz María (†1603),muerte,falleció,diario,,cuerpo del diario,a su larga enfermedad y falleció cristianamente en Klagenfurt
283,355,Emperatriz María (†1603),muerte,fallecido,diario,,cuerpo del diario,después se supo que el 7 de ese mes había fallecido en El Escorial la
284,355,Emperatriz María (†1603),muerte,muerte,diario,,cuerpo del diario,Desde Madrid se mandó la triste noticia «Al embajador en Alemania avisándole de la muerte
285,361,Emperatriz María (†1603),muerte,murió,diario,sí,cuerpo del diario,"Que Dios conceda a su alma una feliz resurrección, pues solo dejó una única hija pequeña, que también murió después"
286,361,Emperatriz María (†1603),muerte,fallecido,diario,sí,cuerpo del diario,que las cuestiones del rey fallecido no podían tener
287,361,Reina (?),ceremonia,pésame,diario,sí,cuerpo del diario,El 1 de junio envié un pésame a la
288,361,Reina (?),muerte,fallecimiento,diario,sí,cuerpo del diario,"reina de Francia por el fallecimiento de su marido, y tuve audiencia con"
289,361,Reina (?),ceremonia,"fallecido, funeral",diario,,cuerpo del diario,"El 18 se celebró en Madrid en San Jerónimo el funeral por el fallecido rey de Francia en presencia del rey, la reina, todos los embajadores y"
290,361,Emperatriz María (†1603),muerte,murió,diario,sí,cuerpo del diario,"Según su estilo, quiere decir que no murió envenenado"
291,364,Emperatriz María (†1603),ceremonia,"muerte, pésame",diario,sí,cuerpo del diario,visitar al rey de Portugal para darle el pésame por la muerte de su madre
292,364,Carlos V,muerte,muerte,diario,,cuerpo del diario,Primera alusión al envío de caballos y la muerte de un sirviente en Génova
293,364,Felipe II (†1598),muerte,fallecimiento,diario,,cuerpo del diario,Otros fallecimientos
294,365,Archiduque/esa,muerte,fallecido,diario,,cuerpo del diario,decía que el joven archiduque Carlos de Cléveris había fallecido en Roma
295,366,Infante/a,muerte,murió,diario,,cuerpo del diario,la noche murió
296,366,Infante/a,ceremonia,entierro,diario,,cuerpo del diario,Poco después el obispo de Sigüenza ofició el entierro en
297,366,Príncipe (heredero),muerte,falleció,diario,,cuerpo del diario,El 17 falleció cristianamente mi doncel Jorge Zetwiz
298,366,Príncipe (heredero),ceremonia,entierro,diario,,cuerpo del diario,le procuré un digno entierro en la parroquia de San Pedro
299,366,Infante/a,muerte,falleció,diario,,cuerpo del diario,"El 19 falleció el marqués de Sarriá, grande de España, mayordomo mayor"
300,366,Infante/a,muerte,fallecida,diario,,cuerpo del diario,de la princesa fallecida y mi querido señor y buen amigo
301,366,Archiduque/esa,muerte,murió,aparato,,señal aparato: vease,Murió el 21-XI-1582
302,367,Reina (?),muerte,falleció,diario,,cuerpo del diario,"El 1 de agosto falleció el duque de Medinaceli, el mayordomo mayor"
303,367,Reina (?),muerte,falleció,diario,,cuerpo del diario,El 5 falleció mi cuñado el señor Mauricio de Dietrichstein en
304,368,(general / otros),ceremonia,entierro,diario,,cuerpo del diario,A ambos les procuré un entierro honrado y cristiano
305,368,Archiduque/esa,muerte,falleció,diario,sí,cuerpo del diario,"Ese mes también falleció don Andrés Ponce de León, consejero privado del rey"
306,369,Felipe II (†1598),muerte,muerte,diario,,cuerpo del diario,"Noticias cortesanas, muerte de"
307,369,Don Juan de Austria,muerte,muerte,diario,,cuerpo del diario,Muertes
308,369,Reina Ana de Austria (†1580),muerte,muerte,diario,,cuerpo del diario,Muerte de
309,369,Reina Ana de Austria (†1580),ceremonia,"funeral, funerales",diario,sí,cuerpo del diario,Preparativos para los funerales
310,373,Don Juan de Austria,muerte,falleció,diario,sí,cuerpo del diario,"conde de Chinchón, falleció en el Bosque de Segovia [Valsaín]"
311,373,Reina (?),muerte,falleció,diario,,cuerpo del diario,"varias cuestiones importantes, el 30 falleció la"
312,374,Emperador Maximiliano II (†1576),muerte,fallecimiento,diario,sí,cuerpo del diario,El 16 llegó un correo personal con la terrible noticia del fallecimiento de mi devoto y benignísimo señor Emperador Maximiliano de la más
313,374,Reina (?),ceremonia,pésame,diario,sí,cuerpo del diario,la noche estuve nuevamente de incógnito y largamente con el rey y luego me arreglé para recibir el pésame y las visitas de todas las embajadas
314,374,Emperatriz María (†1603),muerte,muerte,diario,sí,cuerpo del diario,El 6 envié al correo que me trajo la terrible noticia de la muerte del
315,374,Emperatriz María (†1603),muerte,falleció,diario,,cuerpo del diario,"El 15 falleció en Madrid Joaquín Operus, presidente holandés365"
316,375,Felipe II (†1598),ceremonia,exequias,diario,,cuerpo del diario,Exequias por
317,375,Emperador Maximiliano II (†1576),muerte,muerte,diario,,cuerpo del diario,Muerte del Nuncio
318,375,Emperador Maximiliano II (†1576),ceremonia,exequias,diario,sí,cuerpo del diario,El 30 comenzaron en Los Jerónimos las exequias en
319,375,Emperatriz María (†1603),muerte,muerte,diario,,cuerpo del diario,"La muerte de Maximiliano dejó un par de cuestiones en el aire, para ser objeto de carteo"
320,375,Emperatriz María (†1603),ceremonia,pésame,diario,,cuerpo del diario,el pésame a la Corte Imperial
321,376,Reina (?),ceremonia,"condolencia, condolencias",diario,sí,cuerpo del diario,sus condolencias a S
322,377,Emperador Maximiliano II (†1576),muerte,falleció,diario,sí,cuerpo del diario,"18 falleció el piadoso y santo Nicolás Ormaneta, Nuncio papal"
323,377,Emperador Maximiliano II (†1576),ceremonia,enterrado,diario,sí,cuerpo del diario,Fue enterrado con los teatinos
324,378,Príncipe (heredero),muerte,falleció,diario,sí,cuerpo del diario,"envié a mi mayordomo Juan Hilibrandt a Sevilla a resolver varios asuntos, el 27 falleció el presidente del Consejo Real, que también era obispo de Segovia, llamado [Diego de] Covarrubias"
325,380,Felipe II (†1598),muerte,muerte,diario,,cuerpo del diario,Muerte de Ruy Gómez
326,380,Felipe II (†1598),muerte,muerte,diario,,cuerpo del diario,Muerte de Galve
327,380,Príncipe (heredero),muerte,muerte,diario,,cuerpo del diario,asolada por muertes de la Casa de Austria
328,380,Príncipe (heredero),muerte,muerte,diario,,cuerpo del diario,Triste muerte de Sessa
329,380,Príncipe (heredero),ceremonia,"duelo, muerte",diario,,cuerpo del diario,Un duelo con resultado de muerte
330,381,Carlos V,muerte,falleció,diario,sí,cuerpo del diario,"El 12 falleció en Lisboa la reina de Portugal, ya mayor, hermana del Emperador Carlos, llamada doña Catalina"
331,381,Príncipe (heredero),muerte,falleció,diario,sí,cuerpo del diario,"la reina junto con sus hijos, el 19 falleció el príncipe de Melito, consejero"
332,381,Príncipe (heredero),ceremonia,"muerte, pésame",diario,sí,cuerpo del diario,para darle el pésame por la muerte de su marido
333,381,Reina (?),muerte,muerte,diario,sí,cuerpo del diario,«Se ha sentido mucho [la muerte de la Gran Duquesa de Florencia] juntamente con la de la
334,381,Reina (?),ceremonia,luto,aparato,,señal aparato: fol.,"Reina de Portugal, por quien trae luto el Emperador y sus hermanos y los de su Cámara»"
335,382,Reina (?),muerte,falleció,diario,sí,cuerpo del diario,"El 11 falleció el duque Cosme de Florencia, un hombre sabio y entendido, como demostrará la historia con los progresos que él hizo"
336,382,Reina (?),muerte,fallecido,diario,sí,cuerpo del diario,"Pedro de Médicis, el hijo del fallecido duque de Florencia, y el 18 le visité"
337,385,Reina (?),ceremonia,difunto,diario,sí,cuerpo del diario,asuntos del difunto y de su viuda
338,385,Felipe II (†1598),muerte,muerte,diario,sí,cuerpo del diario,"sucedida el día 4 en África, producida por la propia muerte del rey y de"
339,385,Emperatriz María (†1603),muerte,murió,diario,,cuerpo del diario,Doña María de Dietrichstein y Cardona murió en 1595
340,385,Emperador/triz (?),muerte,muerte,diario,,cuerpo del diario,"La muerte de don Enrique I, el tío abuelo del insensato Sebastián, se recibió en Viena precisamente gracias a una carta de Hans"
341,385,Felipe II (†1598),muerte,muerte,diario,,cuerpo del diario,Emperador que reside en la Corte de Su Majestad se supo aquí habrá tres días la muerte del Rey de
342,385,Felipe II (†1598),muerte,murió,diario,,cuerpo del diario,Dice que murió a los 31 de enero en Almerim y por no haber
343,386,Archiduque/esa,ceremonia,duelo,diario,sí,cuerpo del diario,"1578 El 1 de septiembre el conde de Camarasa, yerno del duque de Terranova, se fue en secreto y de noche a causa de un duelo admitido, por lo"
344,387,Príncipe (heredero),muerte,falleció,diario,,cuerpo del diario,El 21 falleció cristianamente a las siete de la tarde el santo y devoto
345,389,(general / otros),ceremonia,cadáver,diario,sí,cuerpo del diario,"El 23 se trasladó el cadáver a El Escorial, donde se celebraría el 1578"
346,389,(general / otros),ceremonia,entierro,diario,sí,cuerpo del diario,entierro real
347,389,Infante/a,ceremonia,funeral,diario,sí,cuerpo del diario,El 8 de octubre comenzó en Los Jerónimos el digno funeral por el
348,389,Don Juan de Austria,muerte,fallecido,diario,,cuerpo del diario,"fallecido el 10 en Namur, en los Países Bajos"
349,389,Príncipe (heredero),muerte,falleció,diario,sí,cuerpo del diario,"El 18 falleció a las 10 de la mañana, lo que produjo una gran desolación392"
350,389,Felipe II (†1598),muerte,muerte,diario,,cuerpo del diario,sobre su muerte (que no son por envenenamiento)
351,389,(general / otros),ceremonia,honras,diario,,cuerpo del diario,"se haga en ese reino en general, ni en particular, demostración alguna de tristeza exterior de honras"
352,389,(general / otros),ceremonia,luto,diario,,cuerpo del diario,"luto, ni otra cosa semejante a esta, antes en su lugar devotas procesiones y oración pública, dándole gracias por ello y suplicándole con mucha humildad aplaque Su ira, no mirando las culpas y"
353,390,(general / otros),ceremonia,entierro,diario,sí,cuerpo del diario,príncipe a su entierro en El Escorial
354,390,(general / otros),ceremonia,pésame,diario,sí,cuerpo del diario,El 20 envié un pésame al rey
355,390,Emperatriz María (†1603),muerte,muerte,diario,,cuerpo del diario,"A la Emperatriz María, por su parte, le empezaron a aparecer depresiones a raíz de la muerte de"
356,391,Cardenal,muerte,muerte,diario,,cuerpo del diario,Muertes y relevos en Palacio
357,391,Reina (?),ceremonia,"condolencia, condolencias, muerte",diario,,cuerpo del diario,enviado a Lisboa para dar las condolencias por la muerte de don
358,392,Emperatriz María (†1603),muerte,falleció,diario,sí,cuerpo del diario,"el día 12, estando fuera de Madrid y volviendo a su casa, falleció el"
359,393,(general / otros),ceremonia,"condolencia, condolencias, muerte",diario,,cuerpo del diario,"para presentar sus condolencias al rey de Portugal, don Enrique, por la muerte y derrota de su primo"
360,394,(general / otros),ceremonia,"condolencia, condolencias",diario,sí,cuerpo del diario,les presenté las condolencias por su encarcelamiento
361,395,Archiduque/esa,muerte,falleció,diario,sí,cuerpo del diario,El 24 falleció en Múnich el archiduque Alberto de Baviera
362,397,Emperatriz María (†1603),muerte,muerte,diario,,cuerpo del diario,Muerte de la reina
363,397,Emperatriz María (†1603),ceremonia,entierro,diario,,cuerpo del diario,Llega tarde al entierro
364,397,Emperatriz María (†1603),ceremonia,difunto,diario,sí,cuerpo del diario,"había dejado el difunto rey don Sebastián de Portugal, la que, según decía, ascendería para la Emperatriz como mínimo a medio millón"
365,398,(general / otros),ceremonia,cera,aparato,,señal aparato: ags,"El 24-II-1580 se le dio otra cédula para llevarse su ropa de uso, cubiertos, guantes y lo habitual, con «dos retratos de cera»"
366,398,Emperatriz María (†1603),muerte,muerte,aparato,,señal aparato: ags,Tampoco se puede decir que su muerte fuera de poca importancia…
367,398,Infante/a,muerte,murió,diario,,cuerpo del diario,La infanta María murió el 5-VIII-1583
368,401,Reina (?),muerte,fallecimiento,diario,sí,cuerpo del diario,"con motivo del fallecimiento de la reina, de memoria loabilísima, con el"
369,401,Reina (?),ceremonia,entierro,diario,sí,cuerpo del diario,"Madrid hacia El Escorial para asistir al entierro de la reina, de gloriosa"
370,401,(general / otros),ceremonia,sepultura,diario,sí,cuerpo del diario,"que desprendía, se apresuraron en darle sepultura, de manera que yo y"
371,401,(general / otros),ceremonia,pésame,diario,sí,cuerpo del diario,"Al rey le escribí una carta de pésame, en"
372,401,Emperatriz María (†1603),ceremonia,"condolencia, condolencias, fallecimiento",diario,sí,cuerpo del diario,condolencias por el fallecimiento de la reina
373,403,Emperatriz María (†1603),ceremonia,"funeral, funerales",diario,,cuerpo del diario,Funerales por
374,404,Infante/a,ceremonia,funeral,diario,,cuerpo del diario,El 26 comenzó en San Jerónimo el funeral por
375,404,Infante/a,muerte,fallecida,diario,,cuerpo del diario,la piadosa y santa reina fallecida y el 27 finalizó
376,404,Reina (?),muerte,fallecido,diario,sí,cuerpo del diario,"Sí se ha de saber que después de que hubiera fallecido la reina, de"
377,405,Emperatriz María (†1603),muerte,muerte,diario,,cuerpo del diario,metido castidad a su esposo en el lecho de muerte de éste
378,406,Príncipe (heredero),ceremonia,difunto,diario,,cuerpo del diario,"con doña Guiomar de Saá, hija del difunto Luis Venegas, que fue dama"
379,406,Archiduque/esa,ceremonia,luto,diario,sí,cuerpo del diario,A la vista del luto en Palacio nadie más fue admitido
380,406,(general / otros),ceremonia,difunta,diario,sí,cuerpo del diario,"difunta hermana Ana, llamado Jorge425, para que se alistara en el regimiento del conde Jerónimo de Lodrón, que más tarde fue enviado con"
381,407,Reina (?),ceremonia,"condolencia, condolencias, fallecimiento",diario,,cuerpo del diario,al trono de Portugal y para presentar las condolencias por el fallecimiento de la reina
382,411,Emperatriz María (†1603),muerte,muerte,diario,,cuerpo del diario,Llegan noticas de la muerte de don Diego en
383,411,Emperatriz María (†1603),muerte,muerte,diario,,cuerpo del diario,Muerte de Alba y casi un epicedio
384,413,Emperatriz María (†1603),ceremonia,enterrado,diario,sí,cuerpo del diario,"demasiado, porque muchos de los suyos estaban enterrados allí"
385,415,Reina Ana de Austria (†1580),muerte,fallecido,diario,sí,cuerpo del diario,"la pasamos en Badajoz, donde había fallecido la devota y santa reina Ana"
386,416,(general / otros),ceremonia,entierro,diario,,cuerpo del diario,Le procuré un digno y cristiano entierro en la parroquia de Santa Catalina
387,417,Emperatriz María (†1603),muerte,finó,diario,,cuerpo del diario,de lo más fino y apropiado
388,419,Príncipe (heredero),muerte,fallecido,diario,,cuerpo del diario,El 24 llegaron noticias de Madrid de que el príncipe don Diego había fallecido a las seis
389,419,Emperatriz María (†1603),muerte,fallecimiento,diario,sí,cuerpo del diario,"por el fallecimiento del mencionado príncipe, y en el mismo comuniqué temas muy secretos"
390,419,Emperatriz María (†1603),muerte,muerte,diario,,cuerpo del diario,"podría tener la muerte del príncipe español, e igualmente traté asuntos"
391,419,Infante/a,muerte,murió,diario,,cuerpo del diario,"El 2 de diciembre murió súbitamente la duquesa de Aveiro, una mujer joven y fuerte, hermana del duque de Osuna"
392,420,Emperatriz María (†1603),muerte,murió,diario,,cuerpo del diario,También murió
393,420,Archiduque/esa,ceremonia,"exequias, fallecido",diario,sí,cuerpo del diario,"Belén, para celebrar las exequias del fallecido rey de Portugal, y desde"
394,420,Emperatriz María (†1603),ceremonia,exequias,diario,sí,cuerpo del diario,El 23 llegó el rey a Lisboa tras la celebración de las exequias
395,421,Emperatriz María (†1603),muerte,muerte,diario,,cuerpo del diario,Muerte de Pernestein [Pernestán]
396,421,Emperatriz María (†1603),muerte,muerte,diario,,cuerpo del diario,Muerte repentina de
397,426,Emperatriz María (†1603),muerte,falleció,diario,,cuerpo del diario,El día 4 falleció la devota y santa
398,426,Reina Ana de Austria (†1580),ceremonia,entierro,diario,,cuerpo del diario,criatura y el día 5 tuvo lugar el entierro en San Lorenzo el Real
399,427,Emperatriz María (†1603),muerte,falleció,diario,sí,cuerpo del diario,"El 25, domingo, falleció de repente por una gran negligencia el"
400,427,Emperador Maximiliano II (†1576),muerte,muriese,diario,,cuerpo del diario,en papeles a la gloriosa memoria del Emperador Fernando poco antes que muriese cerca de su
401,427,Emperador Maximiliano II (†1576),muerte,murió,diario,,cuerpo del diario,hasta el año de 1573 en que murió y el siguiente de 1575 vino de Roma a España a servir a Vuestra
402,429,Emperatriz María (†1603),muerte,fallecido,aparato,sí,señal aparato: libro 3,Ese día había fallecido en casa la buena y anciana duquesa de
403,431,(general / otros),ceremonia,cera,diario,,cuerpo del diario,"otros 2 de garras de gatos cervales, otros 2 de lomos de gatos cervales, 4 docenas de cordobanes, 50 docenas de cabritillos de todos colores, 12 velas de cera blanca de Valencia, 2 rollitos de la"
404,431,(general / otros),ceremonia,cera,diario,,cuerpo del diario,"dicha cera, 8 botas de vino, 20 libras de hilo de Portugal, 3 docenas de tijeras, 70 piezas de porcelanas grandes, medianas y chicas, 24 estuches de Córdoba, 6 docenas de guantes, 3 docenas de"
405,435,Emperatriz María (†1603),muerte,falleció,diario,sí,cuerpo del diario,"El mismo día falleció monsieur d’Anjou, hermano del"
406,436,Príncipe (heredero),muerte,murió,diario,sí,cuerpo del diario,Ese día murió el príncipe de Orange por el tiro de un
407,436,Emperatriz María (†1603),muerte,falleció,diario,sí,cuerpo del diario,"El 2 de agosto falleció en Medinaceli Marco Antonio Colona, cuando"
408,439,Emperatriz María (†1603),muerte,falleció,diario,sí,cuerpo del diario,falleció el hijo mayor de mi hermano el señor Bartolomé
409,440,Emperatriz María (†1603),muerte,fallecimiento,diario,,cuerpo del diario,fallecimiento
410,440,Emperatriz María (†1603),muerte,muerte,diario,,cuerpo del diario,Muerte del Papa
411,440,Emperatriz María (†1603),muerte,muerte,diario,,cuerpo del diario,Muerte de Gerlin cuando traía maquinaria para el Ingenio de la
412,442,Emperatriz María (†1603),muerte,falleció,diario,sí,cuerpo del diario,"El 13 falleció don Íñigo de Cárdenas, presidente de"
413,444,Papa/Pontífice,muerte,falleció,diario,sí,cuerpo del diario,Se ha de saber que el papa Gregorio XIII falleció
414,444,Papa/Pontífice,muerte,falleció,diario,sí,cuerpo del diario,"Ese mismo día falleció en Barcelona mi sirviente Gregorio Gerlin, cuando llegó allá con el ingenio para fabricar"
415,448,Emperador/triz (?),muerte,falleció,diario,sí,cuerpo del diario,"Ese mismo día falleció en Monzón el marqués de Aguilar, consejero privado del rey"
416,453,Emperatriz María (†1603),muerte,fallecimiento,diario,sí,cuerpo del diario,"por la gobernación del condado de Görz [Gorizia], que me había correspondido tras el fallecimiento del conde Francisco de Thurn, dado que"
417,453,Felipe II (†1598),muerte,murió,diario,,cuerpo del diario,"Efectivamente, el primer nieto de Felipe II nació el 2 de abril de 1586 y murió el 13 de febrero de 1605"
418,456,Príncipe (heredero),muerte,falleció,diario,,cuerpo del diario,El 21 falleció en
419,456,Cardenal,ceremonia,enterrado,diario,,cuerpo del diario,enterrado el 22 en San Felipe con gran pompa
420,456,Cardenal,muerte,fallecimiento,diario,,cuerpo del diario,"Tras su fallecimiento el rey nombró presidente de Italia ad interim al cardenal de Toledo, cosa que se antojó extraña tanto por el hecho"
421,457,Príncipe (heredero),muerte,falleció,diario,sí,cuerpo del diario,"El 17 falleció don Juan de Zúñiga, comendador"
422,457,Emperatriz María (†1603),ceremonia,entierro,diario,sí,cuerpo del diario,Barcelona para su entierro
423,461,Emperatriz María (†1603),muerte,fallecido,diario,,cuerpo del diario,"había fallecido el 12 de diciembre del año que acababa de terminar, 1587"
424,461,Reina (?),muerte,falleció,diario,,cuerpo del diario,"Ese mismo día falleció también en Praga mi viejo y leal sirviente Juan Hillibrandt, que llevaba mis asuntos en"
425,462,Emperatriz María (†1603),muerte,falleció,diario,sí,cuerpo del diario,"Ese día también falleció en Madrid mi viejo sirviente y tapicero Valentín Penz, que"
426,466,Emperatriz María (†1603),muerte,falleció,diario,sí,cuerpo del diario,El 7 falleció don Hernando de Borja
427,466,Cardenal,muerte,expiró,aparato,sí,señal aparato: ags,El 9 expiró en Klag495
428,473,Emperatriz María (†1603),muerte,falleció,diario,sí,cuerpo del diario,El 6 falleció el conde Pío Antonio Lona de una apoplejía
429,473,Emperatriz María (†1603),muerte,falleció,diario,sí,cuerpo del diario,El 9 falleció el marqués de Santa
430,473,Emperatriz María (†1603),muerte,murió,diario,,cuerpo del diario,"El 12 murió Sebastián de Santoyo, un camarero anciano y de gran"
431,473,Emperatriz María (†1603),muerte,falleció,diario,,cuerpo del diario,"Ese día falleció el conde de Marigliano, que servía al rey"
432,473,Emperatriz María (†1603),muerte,falleció,diario,,cuerpo del diario,El 29 falleció la
433,473,Emperatriz María (†1603),muerte,falleció,diario,,cuerpo del diario,"amigo Pedro de Gallegos también falleció, que Dios se apiade de sus"
434,478,Príncipe (heredero),muerte,falleció,diario,sí,cuerpo del diario,"El 28 falleció en Madrid el marqués de Navarrés, el yerno del"
435,480,Príncipe (heredero),muerte,falleció,diario,sí,cuerpo del diario,"después falleció la madre del rey, como se verá"
436,480,Emperatriz María (†1603),muerte,muerte,aparato,,señal aparato: hans escribe,"De nuevo, sobre la muerte de Catalina de Médicis y opiniones de Hans"
437,481,Emperatriz María (†1603),muerte,falleció,diario,sí,cuerpo del diario,"El 5 falleció en Blois, Francia, la anciana reina"
438,483,Emperatriz María (†1603),ceremonia,difunto,diario,sí,cuerpo del diario,lugar del difunto Hilliprandt a la Corte imperial para tratar mis asuntos
439,483,(general / otros),ceremonia,difunto,diario,sí,cuerpo del diario,"Juan Nusser, en sustitución del difunto Hilliprandt, a la Corte de S"
440,486,Emperatriz María (†1603),muerte,falleció,diario,sí,cuerpo del diario,El 23 falleció inesperadamente de una apoplejía
441,489,Emperatriz María (†1603),muerte,muerte,aparato,,señal aparato: hans se,Muerte
442,490,Emperatriz María (†1603),muerte,falleció,diario,,cuerpo del diario,"mejor amigo que he tenido, falleció en Nicklesburg520"
443,490,Emperatriz María (†1603),ceremonia,difunto,diario,sí,cuerpo del diario,había dejado el difunto señor Adán de Dietrichstein e intercedí por ellos
444,493,Emperatriz María (†1603),muerte,falleció,diario,,cuerpo del diario,"El 11, en Graz, falleció cristianamente en Dios, mi piadoso, clementísimo señor el archiduque Carlos de Austria"
445,494,Papa/Pontífice,muerte,falleció,diario,,cuerpo del diario,El 27 de dicho mes falleció inesperadamente el papa Sixto V
446,494,Cardenal,muerte,falleció,diario,,cuerpo del diario,papado falleció en Dios
447,494,Emperatriz María (†1603),muerte,murió,diario,sí,cuerpo del diario,"murió el hijo varón más pequeño, llamado Bartolomé"
448,494,Emperatriz María (†1603),muerte,falleció,diario,,cuerpo del diario,El 13 falleció mi
449,494,Emperatriz María (†1603),ceremonia,pésame,diario,,cuerpo del diario,"El 16 expresé el pésame al joven duque, su"
450,494,Emperatriz María (†1603),muerte,fallecido,diario,,cuerpo del diario,"hijo mayor, así como al condestable de Castilla, yerno del fallecido duque"
451,494,Archiduque/esa,muerte,falleció,diario,sí,cuerpo del diario,El 27 falleció el
452,497,Emperatriz María (†1603),muerte,falleció,diario,sí,cuerpo del diario,El 27 falleció
453,498,Archiduque/esa,muerte,falleció,diario,sí,cuerpo del diario,El mismo día falleció en
454,502,Emperatriz María (†1603),muerte,falleció,diario,sí,cuerpo del diario,"El 5 falleció en Madrid Antonio Meiting, requiescat in pace"
455,507,Reina (?),muerte,falleció,diario,sí,cuerpo del diario,"falleció cristianamente la devota y santa reina de Francia, doña Isabel, en"
456,508,Archiduque/esa,ceremonia,difunto,diario,sí,cuerpo del diario,"El 14 me recibió y visitó la archiduquesa, viuda y esposa del difunto archiduque Carlos, enviándome a uno de sus cámaras, al"
457,509,Príncipe (heredero),muerte,fallecimiento,diario,,cuerpo del diario,"el fallecimiento del príncipe, un joven señor muy"
458,510,Reina (?),ceremonia,exequias,diario,sí,cuerpo del diario,Francia y el 5 tuvieron lugar las exequias
459,510,Archiduque/esa,ceremonia,difunto,diario,sí,cuerpo del diario,"Suecia, con la hija mayor del difunto archiduque Carlos, llamada Ana, así"
460,511,Emperatriz María (†1603),muerte,falleció,diario,sí,cuerpo del diario,"El último día del mes falleció en Praga el señor Guillermo de Rosenberg530, caballero de la Orden del Toisón de Oro, que Dios"
461,516,Archiduque/esa,ceremonia,cera,diario,,cuerpo del diario,sellos en cera y lacre del Archiduque y firmado de su mano
462,523,Emperatriz María (†1603),muerte,falleció,diario,sí,cuerpo del diario,"falleció el devoto secretario Gabriel de Zayas, un muy querido amigo mío"
463,526,(general / otros),ceremonia,réquiem,diario,,cuerpo del diario,Por la noche fue de nuevo con los caballeros a vísperas de réquiem
464,528,Emperatriz María (†1603),muerte,muerte,diario,,cuerpo del diario,"económicas, muerte de la duquesa de Mantua, correo y visitas diarias a la Emperatriz"
465,531,Emperatriz María (†1603),muerte,falleció,diario,sí,cuerpo del diario,"El mismo día falleció en Madrid el duque de Medinaceli, Dios se apiade de su alma"
466,532,Emperatriz María (†1603),muerte,fallecimiento,diario,sí,cuerpo del diario,"El 15 la Emperatriz supo del fallecimiento de la duquesa de Mantua, su prima"
467,533,Archiduque/esa,muerte,falleció,diario,,cuerpo del diario,El 20 falleció el cardenal don Gaspar de
468,533,Emperatriz María (†1603),muerte,murió,diario,,cuerpo del diario,El 26 murió apacible e inesperadamente
469,534,Infante/a,muerte,muerte,diario,,cuerpo del diario,Muerte del archiduque Ernesto en Bruselas
470,534,Emperatriz María (†1603),muerte,muerte,diario,,cuerpo del diario,muerte de su hijo Ernesto
471,534,Emperatriz María (†1603),ceremonia,"funeral, funerales",diario,,cuerpo del diario,Funerales por Ernesto y Hans protagonista en la reorientación
472,534,Felipe II (†1598),muerte,muerte,diario,,cuerpo del diario,Sobre el valor y la muerte de Carlos de Mansfeld
473,535,Archiduque/esa,ceremonia,difunto,diario,sí,cuerpo del diario,"El 20 llegó a Madrid doña Margarita de Cardona, esposa del difunto Adán de Dietrichstein, a cuyo encuentro fui a una legua de Madrid538"
474,535,Archiduque/esa,muerte,falleció,diario,sí,cuerpo del diario,El mismo día falleció en Bruselas el piadoso y santo señor archiduque Ernesto de Austria539
475,535,Emperador Rodolfo II,muerte,muerte,aparato,,señal aparato: ahpm,La muerte de Ernesto cogió por sorpresa a todos
476,535,Emperador Rodolfo II,muerte,muerte,diario,,cuerpo del diario,Rodolfo II seguía soltero y la muerte de Ernesto
477,535,Felipe II (†1598),ceremonia,pésame,aparato,,señal aparato: ags,"del pésame de Guillén de San Clemente a Rodolfo II, desde Praga, 3-III-1595 en el que no sólo"
478,535,Felipe II (†1598),muerte,muerte,aparato,,señal aparato: ags,"muestra el dolor por la muerte de Ernesto, sino el temor a que las cosas de Flandes se descarríen"
479,536,Emperatriz María (†1603),ceremonia,"difunto, fallecimiento",diario,sí,cuerpo del diario,fallecimiento de su difunto hijo el archiduque Ernesto541
480,536,Cardenal,ceremonia,difunto,diario,,cuerpo del diario,"de lo dejado por el cardenal Quiroga, difunto arzobispo de Toledo, que"
481,536,Emperatriz María (†1603),ceremonia,réquiem,diario,sí,cuerpo del diario,El 7 de abril la Emperatriz hizo que se cantaran vísperas de réquiem por el archiduque Ernesto en las Descalzas
482,536,Emperatriz María (†1603),ceremonia,"misa de réquiem, réquiem",diario,sí,cuerpo del diario,"El 8 se cantó la misa de réquiem, en la que"
483,536,Archiduque/esa,muerte,muerte,diario,,cuerpo del diario,el crudo invierno y la muerte del archiduque le hicieron desisitir de hacerse las purgas entonces y
484,537,Archiduque/esa,ceremonia,difunto,diario,sí,cuerpo del diario,"de encargar al archiduque Alberto el gobierno de los Países Bajos en sustitución de su difunto hermano, con la"
485,539,Felipe II (†1598),muerte,muerte,aparato,,señal aparato: ags,"La comunicación de la muerte del conde Carlos de Mansfeld, la salida del archiduque Matías"
486,540,Emperatriz María (†1603),ceremonia,difunto,diario,,cuerpo del diario,las deudas holandesas y alemanas dejadas por el difunto archiduque
487,552,Príncipe (heredero),muerte,fallecido,diario,,cuerpo del diario,archiduque Matías junto con el Toisón de Oro del fallecido archiduque
488,553,Emperatriz María (†1603),muerte,fallecido,diario,,cuerpo del diario,al jardín del fallecido
489,556,Emperatriz María (†1603),muerte,falleció,diario,sí,cuerpo del diario,El 27 falleció en Ferrara Alfonso de
490,556,Archiduque/esa,muerte,fallecido,diario,sí,cuerpo del diario,"del fallecido duque los ducados de Módena y Reggio, como yo siempre"
491,556,Archiduque/esa,muerte,fallecido,diario,sí,cuerpo del diario,El 3 del mencionado mes llegaron noticias de que el 20 de septiembre había fallecido en Graz la
492,556,Emperatriz María (†1603),muerte,falleció,diario,,cuerpo del diario,Falleció súbitamente en Turín la infanta doña Catalina
493,557,Emperatriz María (†1603),ceremonia,funeral,diario,sí,cuerpo del diario,El 19 tuvo lugar un funeral vespertino y solemne en la
494,557,Emperatriz María (†1603),ceremonia,funeral,diario,sí,cuerpo del diario,"aunque no públicamente, lo mismo sucedió con el funeral celebrado el"
495,558,Emperatriz María (†1603),ceremonia,exequias,aparato,,señal aparato: hans se,Exequias por Felipe II
496,561,Archiduque/esa,muerte,muerte,diario,sí,cuerpo del diario,"de Austria, tras las muertes de Gregoria Maximiliana y Leonor, hijas del archiduque Carlos, como"
497,563,Emperatriz María (†1603),muerte,falleció,diario,,cuerpo del diario,El 30 falleció el buen don Diego de Córdoba
498,563,Emperatriz María (†1603),muerte,muerte,diario,sí,cuerpo del diario,nombrado caballerizo mayor en su lecho de muerte
499,564,Emperatriz María (†1603),ceremonia,exequias,diario,,cuerpo del diario,El 17 se celebraron muy dignamente las exequias y
500,564,Emperatriz María (†1603),ceremonia,funeral,diario,,cuerpo del diario,"el funeral del rey en San Jerónimo, y el 19 tuvo lugar la misa solemne"
501,565,Emperatriz María (†1603),muerte,muerte,aparato,,señal aparato: hans escribe,Muerte de un sirviente de Hans
502,567,Emperatriz María (†1603),muerte,falleció,diario,sí,cuerpo del diario,El 10 falleció repentinamente en Arganda
503,567,Reina (?),muerte,falleció,diario,sí,cuerpo del diario,El 22 falleció en Alcalá García de Loaysa
504,570,Archiduque/esa,muerte,falleció,diario,,cuerpo del diario,El 23 falleció en Madrid el
505,570,Emperatriz María (†1603),muerte,fallecido,diario,sí,cuerpo del diario,"El 13 la Emperatriz se reunió con el rey y la reina en el jardín del fallecido cardenal Quiroga, a media legua de Madrid"
506,571,Emperatriz María (†1603),muerte,falleció,diario,sí,cuerpo del diario,El 30 falleció don Martín de Idiáquez
507,572,Felipe II (†1598),ceremonia,difunto,diario,sí,cuerpo del diario,"El mismo día fue detenido el secretario del marqués de Denia, alias duque de Lerma, Íñigo Ibáñez de Santa Cruz, a causa de un libelo difamatorio contra el viejo rey difunto, de piadosa memoria"
508,572,Cardenal,ceremonia,difunto,diario,,cuerpo del diario,"real, con una dama de la reina, la hija del difunto marqués de Santa Cruz"
509,578,Emperatriz María (†1603),muerte,fallecimiento,diario,sí,cuerpo del diario,"y ver a la Emperatriz, su amadísima señora madre antes de su fallecimiento"
510,582,Emperatriz María (†1603),ceremonia,"difunto, falleció",diario,,cuerpo del diario,"El 31 falleció la marquesa de Navarrés, hija del difunto Adán de"
511,588,Infante/a,muerte,falleció,diario,sí,cuerpo del diario,El 29 falleció en Guadalajara el duque
512,589,Papa/Pontífice,muerte,fallecido,diario,,cuerpo del diario,"le llegaron noticias de que su cuñado, Juan Francisco Aldobrandino, estacionado ante Kanizsa como capitán del Papa, había fallecido en Berasdin por unas fiebres altas"
513,593,Emperatriz María (†1603),muerte,falleció,diario,,cuerpo del diario,El 30 falleció súbitamente tras unos pocos
514,596,Emperatriz María (†1603),muerte,muerte,aparato,,señal aparato: hans se,Muerte de la Emperatriz María
515,596,Emperatriz María (†1603),ceremonia,cadáver,aparato,,señal aparato: hans se,del cadáver
516,596,Emperatriz María (†1603),muerte,fallecimiento,diario,,cuerpo del diario,Hans comunica el fallecimiento
517,596,Emperatriz María (†1603),ceremonia,"honras, honras fúnebres",diario,,cuerpo del diario,Honras fúnebres
518,596,Emperatriz María (†1603),muerte,muerte,diario,,cuerpo del diario,Muerte de Isabel de Inglaterra y sucesión de Jacobo de Escocia
519,596,(general / otros),ceremonia,exequias,aparato,,señal aparato: hans se,Exequias de los jesuitas
520,597,Emperatriz María (†1603),muerte,falleció,diario,sí,cuerpo del diario,"Pero como el alumbramiento al parecer se produjo antes de tiempo, la niña falleció pocos días después"
521,599,Emperatriz María (†1603),muerte,falleció,diario,,cuerpo del diario,cerró los ojos a la Emperatriz cuando falleció
522,599,(general / otros),ceremonia,"enterrada, fallecido",diario,,cuerpo del diario,"y el rey fallecido, su hermano, que en paz descanse, por el cual ella debía ser enterrada en San Lorenzo El Real, ella solicitaba que fuese depositada en el"
523,599,Infante/a,muerte,fallecido,diario,,cuerpo del diario,"el rey fallecido como ya se ha dicho, escribieron al rey sobre el particular"
524,600,(general / otros),ceremonia,funeral,diario,,cuerpo del diario,diariamente para tratar la cuestión del funeral por el alma de S
525,600,(general / otros),ceremonia,sepultura,diario,,cuerpo del diario,El 1 de marzo se dio santísima sepultura a S
526,600,(general / otros),ceremonia,funeral,diario,sí,cuerpo del diario,El 11 el rey me requirió en Valladolid para asistir al funeral en recuerdo
527,600,(general / otros),ceremonia,honras,diario,sí,cuerpo del diario,Pero como también había honras en Madrid e importantes negocios que me tenían ocupado no pude ni quise ir ahí y desatender mis
528,600,Archiduque/esa,muerte,fallecimiento,diario,sí,cuerpo del diario,"para avisarle del fallecimiento de su estimada Majestad, lo que se demoró hasta esa fecha porque envié copias autentificadas de su testamento"
529,600,Emperatriz María (†1603),ceremonia,pésame,diario,sí,cuerpo del diario,El 14 llegó el conde de Nieva enviado por el rey para dar el pésame
530,600,Emperatriz María (†1603),muerte,fallecimiento,diario,,cuerpo del diario,"a la infanta doña Margarita a causa del fallecimiento de la Emperatriz, al"
531,600,(general / otros),ceremonia,funeral,diario,,cuerpo del diario,El 18 tuvo lugar un solemne funeral en las
532,600,(general / otros),ceremonia,honras,diario,sí,cuerpo del diario,lugar las honras en las que cantaron las tres misas el arzobispo y los
533,600,Reina (?),ceremonia,túmulo,diario,sí,cuerpo del diario,"mi puesto, de forma que partí con el tumulo o castro doloris que se celebró con gran solemnidad"
534,601,(general / otros),ceremonia,pésame,aparato,sí,señal aparato: rah,"el pésame, y yo la acompañé a petición del rey y del enviado real"
535,601,Reina Isabel de Valois,muerte,falleció,diario,sí,cuerpo del diario,Ese día falleció la
536,601,Emperatriz María (†1603),ceremonia,"fallecimiento, pésame",diario,sí,cuerpo del diario,"para darle el pésame por el fallecimiento de la Emperatriz, y al día siguiente asistí a la audiencia ante S"
537,601,Emperatriz María (†1603),ceremonia,funeral,diario,sí,cuerpo del diario,jesuitas celebraron un funeral en memoria de la santísima Emperatriz en
538,602,Infante/a,muerte,falleció,diario,sí,cuerpo del diario,"El 1 de junio salí de la cama, al día siguiente falleció la duquesa de"
539,603,Emperatriz María (†1603),ceremonia,difunta,diario,sí,cuerpo del diario,asuntos testamentarios de la difunta Emperatriz
540,603,Emperatriz María (†1603),ceremonia,difunta,diario,,cuerpo del diario,y al mencionado duque de Lerma sobre el testamento de la difunta Emperatriz
541,604,Emperatriz María (†1603),ceremonia,difunta,diario,sí,cuerpo del diario,"Tras lo cual el 12 hice llamar a los testamentarios de la difunta Emperatriz, les presenté mi poder y con ellos me"
542,604,Felipe II (†1598),ceremonia,difunto,diario,,cuerpo del diario,"tenía en estima, y quizá se deba a que ya en época del difunto rey había"
543,605,Emperatriz María (†1603),ceremonia,difunta,diario,sí,cuerpo del diario,del rey acerca de la ejecución del testamento de la difunta Emperatriz
544,605,Emperatriz María (†1603),ceremonia,difunta,diario,sí,cuerpo del diario,inicié con ellos la ejecución del testamento de la difunta
545,607,Emperatriz María (†1603),muerte,muerte,diario,,cuerpo del diario,Primer aniversario de la muerte de la
546,609,Emperatriz María (†1603),ceremonia,difunta,diario,sí,cuerpo del diario,El 3 de abril volví a recibir a los testamentarios de la difunta Emperatriz
547,610,Emperador/triz (?),muerte,falleció,diario,sí,cuerpo del diario,"El 25 de madrugada, entre las 4 y las 5, falleció don Pedro de Médicis, hermano del gran"
548,610,(general / otros),ceremonia,difunto,diario,,cuerpo del diario,y el mismo día el difunto don
549,610,(general / otros),ceremonia,enterrado,diario,,cuerpo del diario,Pedro de Médicis fue enterrado con mucha suntuosidad y sentimiento
550,611,Emperatriz María (†1603),muerte,falleció,diario,sí,cuerpo del diario,"También ese día falleció en Valladolid el confesor del rey, el padre fray Gaspar de"
551,613,Reina (?),muerte,falleció,diario,,cuerpo del diario,"El 2 de agosto falleció el conde de Alba de Aliste, consejero privado 1604"
552,613,Emperatriz María (†1603),ceremonia,difunta,diario,sí,cuerpo del diario,duque de Lerma varios asuntos relativos al testamento de la difunta
553,613,Emperatriz María (†1603),muerte,falleció,diario,sí,cuerpo del diario,"El 2 falleció mi casero de Valladolid, Diego Mudarra, Dios se apiade de"
554,614,Emperatriz María (†1603),ceremonia,difunta,diario,sí,cuerpo del diario,importantes referentes al testamento de la difunta Emperatriz y otras
555,615,Infante/a,muerte,fallecimiento,diario,sí,cuerpo del diario,"mientras, por causa de su fallecimiento, su esposa, doña Beatriz de"
556,617,Felipe II (†1598),ceremonia,entierro,diario,,cuerpo del diario,Entierro del saboyano
557,619,Príncipe (heredero),muerte,falleció,diario,sí,cuerpo del diario,"El 9 falleció de viruela en Valladolid el mayor de los Saboya, el príncipe Felipe Emanuel, de 18 años de edad"
558,619,Emperatriz María (†1603),ceremonia,difunta,diario,,cuerpo del diario,testamento de la difunta Emperatriz
559,619,Emperatriz María (†1603),ceremonia,enterrado,diario,sí,cuerpo del diario,El 13 fue enterrado
560,619,Reina (?),muerte,fallecido,diario,sí,cuerpo del diario,suntuosamente en San Lorenzo El Real el citado príncipe saboyano fallecido
561,620,Archiduque/esa,muerte,falleció,diario,,cuerpo del diario,El 3 falleció el papa Clemente VIII Aldobrandino
562,620,Archiduque/esa,ceremonia,difunto,diario,sí,cuerpo del diario,"a su hijo, el señor Francisco Cristóbal, y al hijo de nuestro difunto primo el señor Mauricio Cristóbal, el señor Agustín Khevenhüller"
563,621,Papa/Pontífice,muerte,falleció,diario,,cuerpo del diario,El 26 falleció el
564,626,Emperatriz María (†1603),ceremonia,difunta,diario,sí,cuerpo del diario,los escritos de los testamentarios de la difunta Emperatriz relativos a la ejecución de su testamento
565,633,(general / otros),ceremonia,enterrado,diario,,cuerpo del diario,Nuremberg y fue enterrado en la iglesia de san Juan
566,633,Felipe II (†1598),muerte,muerte,diario,,cuerpo del diario,"muerte del rey y su viaje definitivo a la Corte de Suecia, en 1636, logró entrevistarse con Cristina"
567,635,(general / otros),ceremonia,enterrado,diario,,cuerpo del diario,Fue enterrado
568,639,Emperador Rodolfo II,ceremonia,entierro,diario,,cuerpo del diario,para el entierro
569,639,Emperador/triz (?),muerte,murió,diario,,cuerpo del diario,Será la última vez (murió el 16-VIII-1613)
570,654,Príncipe don Carlos,muerte,muerte,aparato,,rango estudio/inventario,"la «Relazión de la prisión y muerte del Príncipe de España, don Carlos»"
571,659,(general / otros),ceremonia,cadáver,diario,,cuerpo del diario,¡Pero aún con el cadáver caliente de Cánovas escribe a
572,662,(general / otros),ceremonia,pésame,diario,,cuerpo del diario,"de todos los países, ya recomendando a alguien, ya dando pésames"
573,673,Felipe II (†1598),muerte,muerte,diario,,cuerpo del diario,Elegí el año de 1598 por ser el de la muerte de Felipe II
574,684,Archiduque/esa,muerte,fallecido,diario,,cuerpo del diario,"que ha fallecido la archiduquesa Gregoria Maximiliana, que iba a ser su"
575,687,(general / otros),ceremonia,pésame,diario,,cuerpo del diario,que casi todos los príncipes han dado el pésame al rey y los reales hijos
576,693,Príncipe (heredero),muerte,fallecimiento,diario,,cuerpo del diario,"fallecimiento de la mayor, se quiere optar por la otra hermana"
577,703,Emperatriz María (†1603),muerte,fallecimiento,diario,,cuerpo del diario,fallecimiento de su esposa
578,703,Cardenal,muerte,falleció,diario,sí,cuerpo del diario,"Hace 8 días falleció monseñor Dancoma de una elevada fiebre, como"
579,708,Emperatriz María (†1603),muerte,fallecimiento,diario,,cuerpo del diario,Sobre el fallecimiento del rey así como sobre otras muchas cosas
580,710,(general / otros),ceremonia,enterrar,diario,,cuerpo del diario,"mismo da la orden como le han de enterrar los frayles, que han de entrevenir los orramentos y colgaduras, que para esto han de servir, y"
581,710,(general / otros),ceremonia,túmulo,diario,,cuerpo del diario,como han de hazer el tumulo no sea demassiado halto para no ahamos
582,713,Emperatriz María (†1603),ceremonia,entierro,diario,,cuerpo del diario,creo que después del entierro de su padre vendrá junto con la infanta
583,714,(general / otros),ceremonia,"muerte, pésame",diario,,cuerpo del diario,Estoy decidido a dar el pésame al rey por la muerte de su padre en
584,714,(general / otros),ceremonia,duelo,diario,,cuerpo del diario,"exigen la demostración del duelo, además de las bodas que se avecinan"
585,714,Felipe II (†1598),ceremonia,"difunto, falleció",diario,,cuerpo del diario,"de la enfermedad del difunto rey y de cómo y cuándo falleció Su Majestad, de bendito recuerdo, a través del correo Jacobo, y antes informé por"
586,715,Infante/a,muerte,fallecimiento,diario,,cuerpo del diario,"Solo deseo informar reverentemente que tras el fallecimiento del rey el pasado 13 de septiembre, el joven señor partió de El Escorial el día 16 y llegó el 17 por tarde junto con la señora infanta, su hermana, a Las Descalzas, donde se encuentra la Emperatriz, mi más"
587,715,Emperatriz María (†1603),muerte,falleció,diario,,cuerpo del diario,"El mismo día que falleció su padre, el joven rey nombró al marqués"
588,715,(general / otros),ceremonia,difunta,diario,,cuerpo del diario,"cuerpo y gestos a su difunta madre, que es de maravillar"
589,715,Emperatriz María (†1603),ceremonia,exequias,diario,,cuerpo del diario,"marchar a Barcelona a su boda y a la de su hermana, a la que ha decidido acompañar, nada más terminar las exequias de su padre"
590,716,Felipe II (†1598),ceremonia,"exequias, funeral",diario,,cuerpo del diario,Las exequias reales y el funeral tendrán lugar seguramente dentro de 25 días en San Jerónimo
591,716,Felipe II (†1598),ceremonia,difunto,diario,,cuerpo del diario,"El difunto rey ha ordenado, entre otras cosas, en su testamento"
592,716,Felipe II (†1598),ceremonia,difunto,diario,,cuerpo del diario,"me comunica en ellos sobre la sucesión húngara, alabado sea Dios, con orden de comunicarlo benignamente al rey difunto"
593,716,Felipe II (†1598),ceremonia,difunto,diario,,cuerpo del diario,"sabía desde hacía un tiempo cómo el rey difunto estaba actuando en este tema, ni este asunto ni otros deberían parecerle raros, ya"
594,717,Felipe II (†1598),ceremonia,difunto,diario,,cuerpo del diario,"El difunto rey, como bien conocía V"
595,717,Felipe II (†1598),ceremonia,difunto,diario,,cuerpo del diario,sigilo (como sucedió con el rey difunto dentro y fuera de estos reinos)
596,718,Archiduque/esa,ceremonia,luto,diario,,cuerpo del diario,Al anterior se adjuntan ropas de luto y otras cosas con las que he
597,718,Felipe II (†1598),muerte,muerte,diario,,cuerpo del diario,"Después de la muerte del rey, aquí se ha oído que el archiduque Alberto ha enviado la promesa también al papa, por la que enviará los"
598,719,(general / otros),ceremonia,difunto,diario,,cuerpo del diario,refiriera sobre las victorias del difunto padre
599,719,Felipe II (†1598),ceremonia,difunto,diario,,cuerpo del diario,Hoy también he hablado con el guardajoyas del difunto rey y le he
600,719,Felipe II (†1598),ceremonia,"difunto, muerte",diario,,cuerpo del diario,"), el camarero del difunto rey que le asistió en todas sus enfermedades hasta su muerte con gran amor y empeño, y ha confirmado"
601,719,Felipe II (†1598),ceremonia,difunto,diario,,cuerpo del diario,000 ducados como indicó el difunto en su testamento
602,720,Emperatriz María (†1603),ceremonia,difunto,diario,,cuerpo del diario,"difunto rey, en el que se solicita que pueda traer aquí a la archiduquesa"
603,720,Emperatriz María (†1603),muerte,murió,diario,,cuerpo del diario,"en la copia del escrito que se anexa, hecha cuando murió el"
604,720,Emperatriz María (†1603),ceremonia,difunto,diario,,cuerpo del diario,"difunto rey, asunto en el cual la Emperatriz también estaba de acuerdo"
605,720,Felipe II (†1598),ceremonia,difunto,diario,sí,cuerpo del diario,reenvío (pues estaba a nombre del difunto rey) lo ha recibido el actual
606,721,Felipe II (†1598),ceremonia,difunto,diario,,cuerpo del diario,"Esto estaba en negociación con el difunto rey, pero con el actual no he"
607,721,Emperatriz María (†1603),ceremonia,"difunto, honras, honras fúnebres",diario,sí,cuerpo del diario,El 18 tuvieron lugar las honras fúnebres del difunto rey en San Jerónimo en presencia del actual rey y de su hermana la infanta y el 19 terminaron
608,722,Felipe II (†1598),ceremonia,difunto,diario,,cuerpo del diario,que realizar el juramento como senescales del difunto rey
609,725,Felipe II (†1598),ceremonia,difunto,diario,,cuerpo del diario,tiempos del difunto rey mantenía y guardaba la correspondencia confidencial entre el actual rey y el marqués de Denia (cuando era virrey de
610,726,Felipe II (†1598),ceremonia,difunto,diario,,cuerpo del diario,Lo que sucedió en los últimos días de la enfermedad del rey difunto
611,726,Felipe II (†1598),muerte,fallecimiento,diario,,cuerpo del diario,hasta su fallecimiento podrá verlo V
612,731,Emperatriz María (†1603),muerte,muerte,diario,,cuerpo del diario,000 después de su muerte
613,731,Cardenal,muerte,fallecimiento,diario,,cuerpo del diario,"de Malaspina, para cumplir con los rituales por el fallecimiento del padre del rey y la sucesión"
614,737,Felipe II (†1598),muerte,murió,diario,,cuerpo del diario,"murió, sin embargo, poco después de cumplir siete años"
615,737,Felipe II (†1598),muerte,murió,diario,,cuerpo del diario,Felipe fue Felipe III y murió con cuarenta y tres años y María murió a los tres años y
616,737,Felipe II (†1598),muerte,falleció,diario,,cuerpo del diario,"La propia reina Ana falleció muy joven, a los treinta y un"
617,738,Felipe II (†1598),muerte,muerte,diario,,cuerpo del diario,"Fernando, dedicándole más reflexión a la muerte de su hermanito Carlos"
618,742,Príncipe (heredero),muerte,murió,diario,,cuerpo del diario,"Sin embargo, murió el 18 de octubre de 1578"
619,742,Príncipe (heredero),muerte,muerte,diario,,cuerpo del diario,su muerte causó una gran «desolación»
620,749,Felipe II (†1598),muerte,murió,aparato,,rango estudio/inventario,"Murió precisamente, en 1614"
621,749,Príncipe (heredero),muerte,fallecido,aparato,,rango estudio/inventario,haya pintado a Idiáquez porque hubiera fallecido ya
