id,fecha,entrada (texto),página,categoría,término (lema),detectado,cita / contexto,Nivel (Rostagno),Tipo,Intención simbólica,Postura del testigo,¿Ruido?,Subtipo rumor,señal evaluativa (auto),notas
1,1571-12-16,16 de diciembre de 1571,20,Sonido y ruido,silencio,silencio,"distancia, el silencio, el alejamiento",,,,,,,,
2,1571-12-16,16 de diciembre de 1571,21,Música,misa,misa,"calles de la Corte del rey católico, o se asiste solemnemente a la Emperatriz viuda en misa",,,,,,,,
3,1571-12-16,16 de diciembre de 1571,23,Metáfora musical (candidatas),concierto,concierto,pendientes de todo la familia Khevenhüller (tres generaciones he conocido en estos años y todo empezó con un concierto de piano de Max en,,,,,,,,
4,1577-12-28,el 28 de diciembre,34,Metáfora musical (candidatas),consonancia,consonancia,"consonancia con el existir de su señora, a la que debió profesar una",,,,,,,,
5,1590-01-05,el 5 de enero de 1590,39,Música,tambor,tambores,sentían con preocupación el redoble de las cajas y tambores en Bélgica,,,,,,,,
6,1600-02-16,16 de febrero,48,Sonido y ruido,silencio,silencio,"asiste a un plúmbeo silencio cuando lo de Inglaterra, en 1588!",,,,,,,,
7,1566-04-12,el 12 de abril de 1566,59,Sonido y ruido,silencio,silencios,"sus silencios, de sus omisiones",,,,,,,,
8,1566-04-12,el 12 de abril de 1566,60,Música,misa,misa,"Él es más de ir a misa, de confesar",,,,,,,,
9,1591-09-18,18 de septiembre de 1591,63,Música,misa,misa,misa con su cáliz,,,,,,,,
10,1591-09-18,18 de septiembre de 1591,63,Música,música,música,blanca y dorada de servicio en diferentes cajas y en una de ellas algunos libros de música eclesiástica para la capilla del dicho Serenísimo,,,,,,,,
11,1591-09-18,18 de septiembre de 1591,63,Sonido y ruido,salva,salva,una salva dorada de plata con ámbar,,,,,,,,
12,1593-04-23,a 23 de abril de 1593,65,Sonido y ruido,arcabuces,arcabuces,"Siete tercios que envía el archiduque Ernesto con cosas para el servicio para el servicio [sic] de su Majestad y de la Majestad de la Emperatriz y del Príncipe nuestro señor en que vienen relojes, arcabuces, arcos",,,,,,,,
13,1569-12-24,el 24 de diciembre de 1569,80,Metáfora musical (candidatas),concertó,concertó,"hipotecada y obligada a los Khevenhülleres, se concertó que pagando el conde de Franquenburg a Bartolomé y Mauricio Khevenhüller",,,,,,,,
14,1622-06-17,a 17 de junio de 1622,83,Sonido y ruido,traca,traça,"referido para el aposento de Corte y labrándola con la traça que diere Juan Gómez de Mora y dentro de dos años y que no la pueda diuidir en dos ni en más partes, le podrá vuestra Magestad haçer",,,,,,,,
15,1576-02-03,el 3 de febrero,87,Música,cantó,Cantó,"Cantó misa en El Escorial el 26 de mayo y Hans le puso casa, según el",,,,,,,,
16,1576-02-03,el 3 de febrero,87,Música,misa,misa,"Cantó misa en El Escorial el 26 de mayo y Hans le puso casa, según el",,,,,,,,
17,1576-05-26,el 26 de mayo,87,Música,laúd,laudes,Esto lo podía escribir el sobrino para laudes de su tío y del linaje,,,,,,,,
18,1614-02-14,el 14 de febrero,100,Sonido y ruido,arcabuces,arcabuces,"cinco arcabuces, siete pistolas, cuatro espadas, una cama de damasco usada, quince cuadros de pinturas, doscientos reales de ruán, veinte y cuatro varas de terciopelo negro y tres mil y quinientos ducados en moneda de oro o plata para el gasto del camino",,,,,,,,
19,1614-02-14,el 14 de febrero,100,Sonido y ruido,arcabuces,arcabuces,"trescientos ducados), cuatro jarros (mil y doscientos ducados), cien cañones de arcabuces y entre",,,,,,,,
20,1614-06-15,el 15 de junio,101,Sonido y ruido,salva,salvas,"salvas el «brasero de plata muy grande, que le traían ocho personas a los hombros ricamente labrado y muy hermoso» y el otro «un gran brasero» y todo cuanto denunció Franz Christoph y que",,,,,,,⟨cand. magnitud: grande⟩,
21,1598-07-07,el 7 de julio de 1598,107,Voz y rumor,rumor,rumores,"En 1600, pocos rumores y chascarrillos corrían por la Corte de Felipe III",,,,,,,⟨cand. magnitud: pocos⟩,
22,1598-07-07,el 7 de julio de 1598,107,Metáfora musical (candidatas),concertó,concertó,Se concertó la cita,,,,,,,,
23,1603-05-31,el 31 de mayo de 1603,110,Voz y rumor,rumor,rumor,Corrió el rumor de,,,,,,,,
24,1605-09-29,29 de septiembre,116,Metáfora musical (candidatas),concierto,concierto,prestaron– y a los que implora que no actúen con rigor contra sus herederos sino con «conformidad de concierto»,,,,,,,,
25,1605-04-16,a 16 de abril,120,Música,misa,misa,"Además, fundaba una capellanía para dos capellanes de buena ciencia y conciencia y fama, que dirían turnándose todos los días perpetuamente una misa, así como que habría misa en la víspera y al día siguiente de San Juan, oficiada por tres curas, el titular de la parroquia del",,,,,,,,
26,1605-04-16,a 16 de abril,120,Música,misa,misa,"Además, fundaba una capellanía para dos capellanes de buena ciencia y conciencia y fama, que dirían turnándose todos los días perpetuamente una misa, así como que habría misa en la víspera y al día siguiente de San Juan, oficiada por tres curas, el titular de la parroquia del",,,,,,,,
27,1605-04-16,a 16 de abril,120,Música,música,música,"entierro y dos capellanes, todo lo cual se habría de hacer con «solemnidad y con música de canto de órgano y ministriles y los cantores sean",,,,,,,,
28,1605-04-16,a 16 de abril,120,Música,canto de órgano,canto de órgano,"entierro y dos capellanes, todo lo cual se habría de hacer con «solemnidad y con música de canto de órgano y ministriles y los cantores sean",,,,,,,,
29,1605-04-16,a 16 de abril,120,Música,cantó,canto,"entierro y dos capellanes, todo lo cual se habría de hacer con «solemnidad y con música de canto de órgano y ministriles y los cantores sean",,,,,,,,
30,1605-04-16,a 16 de abril,120,Música,órgano,órgano,"entierro y dos capellanes, todo lo cual se habría de hacer con «solemnidad y con música de canto de órgano y ministriles y los cantores sean",,,,,,,,
31,1605-04-16,a 16 de abril,120,Música,ministril,ministriles,"entierro y dos capellanes, todo lo cual se habría de hacer con «solemnidad y con música de canto de órgano y ministriles y los cantores sean",,,,,,,⟨cand. evaluativa: diestros⟩,
32,1605-04-16,a 16 de abril,120,Música,cantor,cantores,"entierro y dos capellanes, todo lo cual se habría de hacer con «solemnidad y con música de canto de órgano y ministriles y los cantores sean",,,,,,,⟨cand. evaluativa: diestros⟩,
33,1605-04-16,a 16 de abril,120,Música,responso,responso,"acabada la fiesta, se rezaría un responso",,,,,,,,
34,1605-04-16,a 16 de abril,120,Música,misa,misa,Aprovechando la misa y toda esta,,,,,,,,
35,1605-04-16,a 16 de abril,121,Música,música,música,"para la fiesta de San Juan con música y ministriles, sacerdotes y misa, 7",,,,,,,,
36,1605-04-16,a 16 de abril,121,Música,ministril,ministriles,"para la fiesta de San Juan con música y ministriles, sacerdotes y misa, 7",,,,,,,,
37,1605-04-16,a 16 de abril,121,Música,misa,misa,"para la fiesta de San Juan con música y ministriles, sacerdotes y misa, 7",,,,,,,,
38,1605-04-16,a 16 de abril,121,Música,misa,misa,"por ejemplo, conseguir del papa que de cada misa dada se saque un alma del Purgatorio",,,,,,,,
39,1605-04-16,a 16 de abril,121,Música,misa,misas,Luego pedía las misas para el día de su fallecimiento y mil misas en,,,,,,,,
40,1605-04-16,a 16 de abril,121,Música,misa,misas,Luego pedía las misas para el día de su fallecimiento y mil misas en,,,,,,,,
41,1608-01-19,El 19 de enero de 1608,123,Música,letanía,letanía,No voy a repetir una vez más una letanía de números y sumas,,,,,,,,
42,1608-01-19,El 19 de enero de 1608,123,Música,misa,misas,"misas, 46",,,,,,,,
43,1606-05-18,El 18 de mayo de 1606,129,Sonido y ruido,salva,salvas,"23 medianos, 12 platillos hondos, 23 platos trincheos, 2 barquillos, bernegal, 3 jarrillos, 2 salvas doradas, 3 frascos, 2 saleros cuadrados, 17 cuchares de plata, confitera de plata, azucarera, cántaro de barbero, una",,,,,,,,
44,1606-05-18,El 18 de mayo de 1606,129,Sonido y ruido,salva,salva,"bacía, 2 candeleros, salva para despabilar, tijeras de hierro plateadas",,,,,,,,
45,1606-05-18,El 18 de mayo de 1606,131,Sonido y ruido,salva,salva,"No podían faltar otras curiosidades, como la «salva dorada con un",,,,,,,,
46,1606-05-23,El 23 de mayo de 1606,135,Música,misa,misa,rellena cinco páginas de ornamentos y útiles para dar misa,,,,,,,,
47,1606-05-23,El 23 de mayo de 1606,135,Música,misa,misa,Un «ara de jaspe» inaugura la relación de los útiles para dar misa,,,,,,,,
48,1606-05-23,El 23 de mayo de 1606,135,Música,misa,misa,"para decir misa, la patena, el cáliz y demás",,,,,,,,
49,1606-05-26,El 26 de mayo,138,Música,letanía,letanía,El 26 de mayo volvieron a empezar con su cansina letanía,,,,,,,,
50,1606-05-26,El 26 de mayo,138,Música,cantó,canto,"muy buena calidad, «de gorgorán negro con pasamano al canto, forrado",,,,,,,,
51,1606-05-27,27 de mayo de 1606,139,Sonido y ruido,arcabuces,arcabuces,"de espadas de Toledo, 5 arcabuces, 1 hacheta, 1 broquel, 1 venablo, 1",,,,,,,,
52,1606-05-27,27 de mayo de 1606,139,Sonido y ruido,arcabuces,arcabuces,"Los arcabuces eran largos, o cortos, con llave de pedernal o",,,,,,,,
53,1606-05-27,27 de mayo de 1606,139,Sonido y ruido,arcabuces,arcabuces,Uno de los arcabuces cortos tenía,,,,,,,,
54,1606-05-27,27 de mayo de 1606,139,Sonido y ruido,arcabuces,arcabuces,"Los arcabuces, por el contrario, eran más selectos",,,,,,,,
55,1606-05-30,El 30 de mayo de 1606,141,Sonido y ruido,campana,campana,ritmos del día y de la noche por tres relojes de campana y tres de pesas,,,,,,,,
56,1606-05-30,El 30 de mayo de 1606,141,Sonido y ruido,campana,campana,"El mayor de los de campana tenía caja de cuero con cantoneras y clavazón dorada, pero estaba quebrado",,,,,,,,
57,1606-05-30,El 30 de mayo de 1606,144,Música,música,música,"Debió ser aficionado a la música, al canto o al solaz con algún instrumento",,,,,,,,
58,1606-05-30,El 30 de mayo de 1606,144,Música,cantó,canto,"Debió ser aficionado a la música, al canto o al solaz con algún instrumento",,,,,,,,
59,1606-05-30,El 30 de mayo de 1606,144,Música,cantó,canto,"Algunos ejemplares de canto, o de órgano, así lo atestiguan",,,,,,,,
60,1606-05-30,El 30 de mayo de 1606,144,Música,órgano,órgano,"Algunos ejemplares de canto, o de órgano, así lo atestiguan",,,,,,,,
61,1606-05-30,El 30 de mayo de 1606,145,Música,cantó,cantos,En 1605 redactó en 20 cantos una historia,,,,,,,,
62,1606-06-06,El 6 de junio de 1606,150,Música,letanía,letanías,de letanías para encuadernarlos,,,,,,,,
63,1606-06-23,El 23 de junio de 1606,154,Sonido y ruido,salva,salvas,"ocho paltos grandes, los veintiuno medianos, pichelillos, salvas, saleros",,,,,,,,
64,1606-06-23,El 23 de junio de 1606,154,Sonido y ruido,campana,campana,Se quedó en Arganda un reloj de campana en una caja grande en,,,,,,,⟨cand. magnitud: grande⟩,
65,1606-05-04,4 de mayo de 1606,158,Música,sonando,sonando,la casa siguieron sonando los tic-tacs de todos los relojes que tenía Hans,,,,,,,,
66,1606-05-04,4 de mayo de 1606,158,Música,sonando,sonando,Algún criado les daría cuerda para que siguieran sonando,,,,,,,,
67,1606-05-04,4 de mayo de 1606,159,Sonido y ruido,bullicio,bullicio,Volvió el bullicio,,,,,,,⟨cand. magnitud: infinitos⟩,
68,1606-07-24,el 24 de julio de 1606,160,Sonido y ruido,silencio,silencios,"y lentas ventas, hasta que llegan nuevos silencios desde el 18 de septiembre de 1606 al 9 de noviembre de 1606 (entre las entradas 516",,,,,,,,
69,1606-12-14,el 14 de diciembre,161,Sonido y ruido,tiro,tiros,"a caballo, con guarnición tacha» y sus tiros y pretinas de cuero",,,,,,,,
70,1606-12-14,el 14 de diciembre,165,Sonido y ruido,arcabuz,arcabuz,"una tortera, un arcabuz, un libro de",,,,,,,,
71,1606-05-27,el 27 de mayo de 1606,169,Sonido y ruido,pregón,pregón,no se conseguía vender («habiendo andado muchos días en pregón»),,,,,,,⟨cand. magnitud: muchos⟩,
72,1616-05-03,el martes 3 de mayo de 1616,171,Música,responso,responso,y encendidas las velas que había alrededor del ataúd le dijeron un solemne responso,,,,,,,⟨cand. evaluativa: solemne⟩,
73,1616-05-04,El 4 de mayo de 1616,172,Música,misa,misa,"Los monjes aceptaron, aunque querían decirle una misa y un responso como era costumbre",,,,,,,,
74,1616-05-04,El 4 de mayo de 1616,172,Música,responso,responso,"Los monjes aceptaron, aunque querían decirle una misa y un responso como era costumbre",,,,,,,,
75,1616-05-04,El 4 de mayo de 1616,172,Música,misa,misa,misa fue cantada con sus diáconos y música,,,,,,,⟨cand. magnitud: muchas⟩,
76,1616-05-04,El 4 de mayo de 1616,172,Música,música,música,misa fue cantada con sus diáconos y música,,,,,,,,
77,1616-05-04,El 4 de mayo de 1616,172,Música,responso,responso,"acabar, hubo un responso cantado también",,,,,,,,
78,1616-05-04,El 4 de mayo de 1616,172,Sonido y ruido,estrépito,estrépito,oyó cierto estrépito y corrieron a ver qué había ocurrido,,,,,,,,
79,1612-09-12,el día 12 de septiembre de 1612,175,Música,misa,misa,Dotóla con una misa,,,,,,,,
80,1612-09-12,el día 12 de septiembre de 1612,175,Música,misa,misas,"misas por él, se dieran limosnas, etc",,,,,,,,
81,1611-03-09,el 9 de marzo de 1611,176,Metáfora musical (candidatas),concierto,concierto,en razón del concierto que por su parte [del convento] se pide se haga,,,,,,,,
82,1611-03-23,el 23 de marzo de 1611,176,Música,misa,misa,"misa diaria por siempre jamás, celebrarían el día de San Juan en su",,,,,,,,
83,1611-03-23,el 23 de marzo de 1611,176,Música,misa,misa,"capilla, celebración que se haría con diácono, subdiácono, misa cantada y música de órgano",,,,,,,,
84,1611-03-23,el 23 de marzo de 1611,176,Música,música,música,"capilla, celebración que se haría con diácono, subdiácono, misa cantada y música de órgano",,,,,,,,
85,1611-03-23,el 23 de marzo de 1611,176,Música,órgano,órgano,"capilla, celebración que se haría con diácono, subdiácono, misa cantada y música de órgano",,,,,,,,
86,1612-09-02,2 de septiembre de 1612,179,Metáfora musical (candidatas),concertado,concertado,"), maestro de cantería y expusieron que como estaba tratado y concertado por los testamentarios",,,,,,,⟨cand. evaluativa: concertado⟩,
87,1600-08-02,En 2 de agosto,183,Metáfora musical (candidatas),concertar,concertar,"concertar para el servicio de su señoría ocho pinturas, las empresas",,,,,,,,
88,1617-03-04,el 4 de marzo de 1617,196,Sonido y ruido,artillería,artillería,"en la disciplina militar y nueua ciencia de la artillería, Madrid",,,,,,,,
89,1617-03-04,el 4 de marzo de 1617,198,Música,sonó,sono,"quelli avertimenti, che sono piu necessarii nel fabricare",,,,,,,,
90,1617-03-04,el 4 de marzo de 1617,199,Sonido y ruido,campana,Campana,Otro intitulado Campana de Roma en italiano de a octavo en,,,,,,,,
91,1606-05-31,el 31 de mayo de 1606,206,Música,canto de órgano,canto de órganos,"Otro grande de canto de órganos, encuadernado en cuero dorado",,,,,,,⟨cand. magnitud: grande⟩,
92,1606-05-31,el 31 de mayo de 1606,206,Música,cantó,canto,"Otro grande de canto de órganos, encuadernado en cuero dorado",,,,,,,⟨cand. magnitud: grande⟩,
93,1606-05-31,el 31 de mayo de 1606,206,Música,órgano,órganos,"Otro grande de canto de órganos, encuadernado en cuero dorado",,,,,,,⟨cand. magnitud: grande⟩,
94,1606-05-31,el 31 de mayo de 1606,206,Música,canto llano,canto llano,Arte de canto llano y contrapunto y canto de órgano,,,,,,,,
95,1606-05-31,el 31 de mayo de 1606,206,Música,cantó,canto,Arte de canto llano y contrapunto y canto de órgano,,,,,,,,
96,1606-05-31,el 31 de mayo de 1606,206,Música,canto de órgano,canto de órgano,Arte de canto llano y contrapunto y canto de órgano,,,,,,,,
97,1606-05-31,el 31 de mayo de 1606,206,Música,cantó,canto,Arte de canto llano y contrapunto y canto de órgano,,,,,,,,
98,1606-05-31,el 31 de mayo de 1606,206,Música,órgano,órgano,Arte de canto llano y contrapunto y canto de órgano,,,,,,,,
99,1606-05-31,el 31 de mayo de 1606,207,Música,música,Música,"Otro, de Música y tecla y otros instrumentos, encuadernado en",,,,,,,,
100,1606-05-31,el 31 de mayo de 1606,207,Música,música,música,"Obras de música para tecla, arpa y vihuela de Antonio de Cabeçón, recopiladas y puestas en cifra por",,,,,,,,
101,1606-05-31,el 31 de mayo de 1606,207,Música,arpa,arpa,"Obras de música para tecla, arpa y vihuela de Antonio de Cabeçón, recopiladas y puestas en cifra por",,,,,,,,
102,1606-05-31,el 31 de mayo de 1606,207,Música,vihuela,vihuela,"Obras de música para tecla, arpa y vihuela de Antonio de Cabeçón, recopiladas y puestas en cifra por",,,,,,,,
103,1606-05-31,el 31 de mayo de 1606,207,Música,música,Música,Música de tecla»,,,,,,,,
104,1606-05-31,el 31 de mayo de 1606,207,Música,canto de órgano,canto de órgano,Otro de canto de órgano grande de Thomé de Victoria encuadernado como el de arriba,,,,,,,⟨cand. magnitud: grande⟩,
105,1606-05-31,el 31 de mayo de 1606,207,Música,cantó,canto,Otro de canto de órgano grande de Thomé de Victoria encuadernado como el de arriba,,,,,,,⟨cand. magnitud: grande⟩,
106,1606-05-31,el 31 de mayo de 1606,207,Música,órgano,órgano,Otro de canto de órgano grande de Thomé de Victoria encuadernado como el de arriba,,,,,,,⟨cand. magnitud: grande⟩,
107,1606-05-31,el 31 de mayo de 1606,207,Música,música,música,«[259] En el maestro Victoria dos libros de música» a un precio bien,,,,,,,,
108,1606-05-31,el 31 de mayo de 1606,208,Música,romance,romance,"Otro, dos libros medicinales, uno en latín y otro en romance",,,,,,,⟨cand. magnitud: grande⟩,
109,1606-05-31,el 31 de mayo de 1606,209,Música,romance,Romances,Romances que andan impressos en las nueue partes de Romanceros,,,,,,,,
110,1606-05-31,el 31 de mayo de 1606,210,Sonido y ruido,campana,Campaña,"César Campaña de la Historia del mundo, en dos cuerpos de a",,,,,,,,
111,1603-04-21,a 21 de Abril de 1603,213,Música,copla,Coplas,Coplas de Florando de Castilla,,,,,,,,
112,1565-11-24,el 24 de noviembre,238,Música,salve,salve,Que Dios salve a S,,,,,,,,
113,1565-12-08,El 8 de diciembre,245,Sonido y ruido,pólvora,pólvora,"artificales por descuido del maestro armero, alcanzando a varios oficiales de la pólvora del mantenedor que quedaron muertos",,,,,,,,
114,1565-12-08,El 8 de diciembre,247,Voz y rumor,rumor,rumor,"el rumor que por el mundo se ha divulgado…» (Madrid, 8-XII-1562, AGS, E-651, 99)",,,,,,,,
115,1565-07-25,El 25 de julio,250,Sonido y ruido,aclam*,aclamado,"Maximiliano de Austria, Rey de Romanos, es aclamado como Maximiliano",,,,,,,,
116,1565-08-02,El 2 de agosto,252,Sonido y ruido,campana,campaña,Dicho hermano estuvo un año en la campaña,,,,,,,,
117,1565-01-13,El 13 de enero de 1565,254,Sonido y ruido,campana,campaña,"manifestada su habilidad marcial con esta campaña victoriosa, escribía sobre él Chantonay que",,,,,,,,
118,1568-12-17,el día 17 de diciembre,256,Sonido y ruido,silencio,silencios,"Los silencios de Hans sobre la traslación del cadáver de Fernando a Praga son, cuando menos, extraños",,,,,,,,
119,1565-06-03,El 3 de junio,261,Música,copla,copla,Al parecer le van con la copla al,,,,,,,,
120,1565-06-03,El 3 de junio,262,Sonido y ruido,campana,campaña,Permanecí varios días en Carintia antes de partir a la campaña,,,,,,,,
121,1565-06-03,El 3 de junio,262,Sonido y ruido,campana,campana,"notificar por su predicador y todos los otros, que cada día al son de una campana todos hayan de",,,,,,,,
122,1565-06-03,El 3 de junio,262,Música,misa,misa,"infieles, y que cada viernes haya en todas las iglesias procesiones y una misa solemne del Espíritu",,,,,,,⟨cand. evaluativa: solemne⟩,
123,1565-06-03,El 3 de junio,263,Sonido y ruido,campana,campaña,Ese mismo mes también partió desde Viena a la campaña para parti- 1566,,,,,,,,
124,1565-09-01,El 1 de septiembre,263,Sonido y ruido,campana,campaña,"En general, Chantonay es muy poco optimista de los logros de la campaña de ese año",,,,,,,⟨cand. magnitud: poco⟩,
125,1565-09-07,el 7 de septiembre,265,Sonido y ruido,disparó,disparos,"El mencionado conde de Serin se defendió hasta que lo alcanzaron dos disparos de los jenízaros, y murió como fiel señor y sirviente",,,,,,,,
126,1565-09-29,El 29 de septiembre,266,Sonido y ruido,disparó,disparos,"como resultado de la disputa y los disparos, hubo dos muertes",,,,,,,,
127,1565-10-06,El 6 de octubre,267,Voz y rumor,rumor,rumores,Los rumores iban por doquier,,,,,,,,
128,1566-05-10,10 de mayo de 1566,268,Metáfora musical (candidatas),concierto,concierto,"día cuanto fuera mejor el concierto, y parece que le pesa que en ello no haya podido hacer la buena",,,,,,,⟨cand. evaluativa: mejor⟩,
129,1566-11-25,el 25 de noviembre,270,Música,misa,misa,echando pedrezuelas sobre los altares mientras se celebra la misa y a los clérigos revestidos que,,,,,,,,
130,1566-10-16,16 de octubre,272,Metáfora musical (candidatas),concierto,conciertos,invitado en varias ocasiones a buenos conciertos de música,,,,,,,⟨cand. evaluativa: buenos⟩,
131,1566-10-16,16 de octubre,272,Música,música,música,invitado en varias ocasiones a buenos conciertos de música,,,,,,,⟨cand. evaluativa: buenos⟩,
132,1567-04-13,el 13 de abril,277,Sonido y ruido,campanario,campanarios,"sólo en los campos hanegados, sino en las aldeas inundadas, «aparesecen dentro del agua los campanarios y tejados, como las tierras perdidas por las inundaciones en Holanda y toda la recolta que",,,,,,,,
133,1567-05-17,El 17 de mayo,278,Voz y rumor,rumor,rumor,En la misma relación se transmitía el rumor de que el de Sajonia iba a ser encarcelado en Neustadt cerca de,,,,,,,,
134,1567-07-15,El 15 de julio,280,Sonido y ruido,arcabuz,arcabuz,paje que le sigue ordinariamente con un arcabuz y tiene mando expresamente que si en un asalto,,,,,,,,
135,1567-07-15,El 15 de julio,280,Sonido y ruido,arcabuz,arcabuz,"o en otra parte le viere en peligro se ser preso, le tire luego con aquel arcabuz y porque no venga",,,,,,,,
136,1567-07-15,El 15 de julio,280,Sonido y ruido,artillería,artillería,artillería de lo que tenían dentro de Gotha,,,,,,,,
137,1567-09-01,El 1 de septiembre,283,Metáfora musical (candidatas),desconcierto,desconcierto,Emperador ha estado malo de cámaras y desconcierto de estómago desde los primeros días de este,,,,,,,⟨cand. evaluativa: malo⟩,
138,1568-12-01,El 1 de diciembre,285,Sonido y ruido,pólvora,pólvora,"Las buenas noticias, entre tanta desazón, corrían como la pólvora",,,,,,,,
139,1568-01-15,el 15 de enero,288,Voz y rumor,rumor,rumores,Entre el pueblo circulaban todo tipo de rumores acerca,,,,,,,,
140,1568-02-27,el 27 de febrero de 1568,288,Voz y rumor,rumor,rumores,"Pero como no estaba claro el por qué de la detención, corrieron rumores aprovechados",,,,,,,,
141,1568-03-05,5 de marzo de 1568,289,Sonido y ruido,salva,Salvá,de 1568 fueron copiadas respectivamente en 1852 y 1855 para Salvá y Gachard respectivamente,,,,,,,,
142,1568-09-01,el 1 de septiembre,292,Voz y rumor,rumor,rumores,"A mediados de octubre de 1567 ya le han llegado a Maximiliano II todo tipo de noticias, rumores",,,,,,,⟨cand. magnitud: muchas⟩,
143,1568-07-06,el día 6 de julio,293,Música,misa,misa,"Como botón de muestra, la habida el 29-IX-1567 a la salida de misa, que transcribió para Felipe II",,,,,,,,
144,1568-08-11,a 11 de agosto de 1568,298,Metáfora musical (candidatas),desconcierto,desconcierto,acontecimientos de los Países Bajos para eliminar el desconcierto de,,,,,,,,
145,1568-08-11,a 11 de agosto de 1568,298,Metáfora musical (candidatas),desconcierto,desconcierto,"Desde luego, la noticia y el protocolo, o el a quién mandar a España, sembró de desconcierto la Corte de Viena",,,,,,,,
146,1568-10-24,El 24 de octubre,299,Sonido y ruido,campana,campaña,"Y en vista de mi debilidad, el duque, que tengo en mi más alta consideración, a mi marcha me ofreció su silla de mano y su tienda de campaña",,,,,,,,
147,1568-04-05,el 5 de abril,306,Sonido y ruido,disparó,disparo,muerto de un disparo en Francia y que también habían perecido muchos,,,,,,,,
148,1605-03-07,el 7 de marzo,316,Música,músic*,músicos,"Recuérdese la pléyade de embajadores imperiales (Salinas, Guzmán) o secretarios (Gamiz, Castillejo), músicos u otros oficiales áulicos (don Diego Manrique era maestresala de la",,,,,,,,
149,1605-03-07,el 7 de marzo,317,Voz y rumor,rumor,rumores,Le llegan rumores,,,,,,,,
150,1570-10-04,el 4 de octubre,324,Sonido y ruido,tiro,tiro,1570 cios de tiro en los que también se ejercitaron S,,,,,,,,
151,1570-12-03,El 3 de diciembre,339,Música,trompeta,trompetas,"hogueras y se compren para ello manojos de sarmientos y las demás hachas y velas que parece fueren necesarias y se concierten trompetas, atabales, atento que esta Villa tiene ningunos, y más música de ministriles y chirimías, y se concierte luego",,,,,,,,
152,1570-12-03,El 3 de diciembre,339,Música,atabal,atabales,"hogueras y se compren para ello manojos de sarmientos y las demás hachas y velas que parece fueren necesarias y se concierten trompetas, atabales, atento que esta Villa tiene ningunos, y más música de ministriles y chirimías, y se concierte luego",,,,,,,,
153,1570-12-03,El 3 de diciembre,339,Música,música,música,"hogueras y se compren para ello manojos de sarmientos y las demás hachas y velas que parece fueren necesarias y se concierten trompetas, atabales, atento que esta Villa tiene ningunos, y más música de ministriles y chirimías, y se concierte luego",,,,,,,,
154,1570-12-03,El 3 de diciembre,339,Música,ministril,ministriles,"hogueras y se compren para ello manojos de sarmientos y las demás hachas y velas que parece fueren necesarias y se concierten trompetas, atabales, atento que esta Villa tiene ningunos, y más música de ministriles y chirimías, y se concierte luego",,,,,,,,
155,1570-12-03,El 3 de diciembre,339,Música,chirimía,chirimías,"hogueras y se compren para ello manojos de sarmientos y las demás hachas y velas que parece fueren necesarias y se concierten trompetas, atabales, atento que esta Villa tiene ningunos, y más música de ministriles y chirimías, y se concierte luego",,,,,,,,
156,1570-12-03,El 3 de diciembre,339,Música,trompeta,trompetas,trompetas y atabales al señor Miguel de Cereceda y al señor Velázquez de la Canal y lo de los ministriles y chirimías»,,,,,,,,
157,1570-12-03,El 3 de diciembre,339,Música,atabal,atabales,trompetas y atabales al señor Miguel de Cereceda y al señor Velázquez de la Canal y lo de los ministriles y chirimías»,,,,,,,,
158,1570-12-03,El 3 de diciembre,339,Música,ministril,ministriles,trompetas y atabales al señor Miguel de Cereceda y al señor Velázquez de la Canal y lo de los ministriles y chirimías»,,,,,,,,
159,1570-12-03,El 3 de diciembre,339,Música,chirimía,chirimías,trompetas y atabales al señor Miguel de Cereceda y al señor Velázquez de la Canal y lo de los ministriles y chirimías»,,,,,,,,
160,1570-12-03,El 3 de diciembre,340,Sonido y ruido,pregonar,pregonar,Villa pusiese premios y lo hiciese pregonar y les diesen música y hachas y que de aquí al día que se,,,,,,,,
161,1570-12-03,El 3 de diciembre,340,Música,música,música,Villa pusiese premios y lo hiciese pregonar y les diesen música y hachas y que de aquí al día que se,,,,,,,,
162,1570-12-03,El 3 de diciembre,340,Música,música,música,El que mejor invención sacare en coche o carros triunfales con música le darán 6 varas de terciopelo morado,,,,,,,,
163,1570-12-03,El 3 de diciembre,340,Sonido y ruido,pregonar,pregonar,"día de fiesta pasado el bautismo del príncipe nuestro señor, y así se mandó pregonar luego porque",,,,,,,,
164,1570-12-03,El 3 de diciembre,340,Música,trompeta,trompetas,acordó que el señor Velázquez de la Canal tenga las trompetas y atabales»,,,,,,,,
165,1570-12-03,El 3 de diciembre,340,Música,atabal,atabales,acordó que el señor Velázquez de la Canal tenga las trompetas y atabales»,,,,,,,,
166,1570-12-03,El 3 de diciembre,340,Metáfora musical (candidatas),concertar,concertar,"resta por hacer el juego de cañas, el cual él no puede concertar",,,,,,,,
167,1570-12-03,El 3 de diciembre,340,Música,tañendo,tañendo,"las ninfas con sus instrumentos tañendo, muy bien aderezadas con otro género de insignias, como",,,,,,,,
168,1570-12-03,El 3 de diciembre,340,Música,ministril,ministriles,"y el otro carro con instrumentos de fuego y en él los ministriles, según que al señor don Pedro de Ribera le pareciere, lo cual se pague de sobras de rentas por",,,,,,,,
169,1570-12-03,El 3 de diciembre,341,Música,atabal,atabales,Juan y que a principio de la máscara entren atabales y trompetas y ministriles y luego la cuadrilla,,,,,,,,
170,1570-12-03,El 3 de diciembre,341,Música,trompeta,trompetas,Juan y que a principio de la máscara entren atabales y trompetas y ministriles y luego la cuadrilla,,,,,,,,
171,1570-12-03,El 3 de diciembre,341,Música,ministril,ministriles,Juan y que a principio de la máscara entren atabales y trompetas y ministriles y luego la cuadrilla,,,,,,,,
172,1570-01-01,el 1 de enero,342,Música,trompeta,trompetas,que los trompetas y atabales vayan delante y el carro del fuego luego y tras él,,,,,,,,
173,1570-01-01,el 1 de enero,342,Música,atabal,atabales,que los trompetas y atabales vayan delante y el carro del fuego luego y tras él,,,,,,,,
174,1570-01-01,el 1 de enero,342,Música,trompeta,trompetas,hagan alto los carros y trompetas y atabales vayan delante de los caballeros de la mascarada,,,,,,,,
175,1570-01-01,el 1 de enero,342,Música,atabal,atabales,hagan alto los carros y trompetas y atabales vayan delante de los caballeros de la mascarada,,,,,,,,
176,1570-01-01,el 1 de enero,342,Música,música,música,de la máscara y jueguen sus alcancías y todo el tiempo que esto durare toque el carro de la música ministriles y […] arcos y música y hase de hacer desde la plaza de San Salvador y desde […],,,,,,,,
177,1570-01-01,el 1 de enero,342,Música,ministril,ministriles,de la máscara y jueguen sus alcancías y todo el tiempo que esto durare toque el carro de la música ministriles y […] arcos y música y hase de hacer desde la plaza de San Salvador y desde […],,,,,,,,
178,1570-01-01,el 1 de enero,342,Música,música,música,de la máscara y jueguen sus alcancías y todo el tiempo que esto durare toque el carro de la música ministriles y […] arcos y música y hase de hacer desde la plaza de San Salvador y desde […],,,,,,,,
179,1570-03-01,El 1 de marzo,344,Voz y rumor,rumor,rumores,rumores de que va a ser un viaje lento porque parará a casarse en Barcelona y tal vez no llegue a,,,,,,,,
180,1575-06-01,El 1 de junio,361,Música,misa,misa,vísperas y la misa,,,,,,,,
181,1576-03-08,el 8 de marzo de 1576,370,Música,misa,misa,le dio cédula de paso el 8 de marzo de 1576 para «dos corporales de lienzo para cálices de misa con,,,,,,,,
182,1576-05-10,el 10 de mayo de 1576,372,Música,romance,romance,"ballestas completas, porcelanas, lacre, «un cofre lleno de libros en romance» (y se acabó la fábula de",,,,,,,,
183,1577-07-01,El 1 de julio,377,Sonido y ruido,campana,campanas,"El 21 llegó el fuego a El Escorial produciendo graves daños, quemándose 11 campanas muy grandes hasta el punto que no quedó rastro de",,,,,,,⟨cand. evaluativa: graves⟩,
184,1578-03-02,El 2 de marzo,381,Música,misa,misa,"tomé la comunión, el 27 asistí a misa e hice las procesiones, el 28 envié",,,,,,,,
185,1578-06-04,El 4 de junio,383,Metáfora musical (candidatas),concierto,concierto,"concierto y con tanta frecuencia [léase, afluencia de gentes] como se hizo jamás en tiempo del Emperador Ferdinando»",,,,,,,,
186,1578-06-04,El 4 de junio,383,Voz y rumor,rumor,rumor,"Lástima que «a la postre se movió un rumor que lo desbarató todo, aunque cesó",,,,,,,,
187,1578-06-04,El 4 de junio,383,Voz y rumor,rumor,rumor,«un rumor» desbarataba una buena procesión,,,,,,,⟨cand. evaluativa: buena⟩,
188,1578-07-01,El 1 de julio,384,Metáfora musical (candidatas),concierto,concierto,"Aunque Hans no lo señale, «El Emperador despacha de nuevo otro correo a España intercediendo por el concierto [entre don Juan y los rebeldes]",,,,,,,,
189,1578-08-03,El 3 de agosto,385,Metáfora musical (candidatas),concierto,concierto,"tomado para en aquel gobierno, pero con todo esto tengo esperanza que le echaremos cuando estuviere» el concierto preparado",,,,,,,,
190,1578-09-01,El 1 de septiembre,386,Metáfora musical (candidatas),concierto,concierto,en persona a tratar de concierto con los Estados,,,,,,,,
191,1578-09-01,El 1 de septiembre,386,Metáfora musical (candidatas),concierto,concierto,Aunque el ir el Emperador en persona tengo por cierto que no podrá ir mucho a facilitar este concierto,,,,,,,⟨cand. magnitud: mucho⟩,
192,1578-09-01,El 1 de septiembre,388,Sonido y ruido,artillería,artillería,"Por su parte, Parma se había aprovisionado de artillería nueva",,,,,,,,
193,1578-09-01,El 1 de septiembre,388,Sonido y ruido,clamor,clamor,En el otoño de 1579 era un clamor la ayuda que hacía el de Orange «para ganar las voluntades de,,,,,,,,
194,1578-09-01,El 1 de septiembre,388,Metáfora musical (candidatas),concierto,concierto,A finales de octubre «Terranova se confirma cada día más en que no se hará el concierto general,,,,,,,,
195,1580-11-01,El 1 de noviembre,403,Sonido y ruido,campana,campaña,La campaña de la Isla Tercera y las opiniones de Hans,,,,,,,,
196,1582-01-02,El 2 de enero de 1582,411,Música,misa,misa,"haberme dicho primero la misa y haberme dado su bendición, que Dios",,,,,,,,
197,1582-02-03,el día 3 de febrero,412,Música,misa,misa,fue a la misa que se celebraba en la catedral de Nuestra Señora del Pilar,,,,,,,,
198,1582-03-05,El 5 de marzo,414,Música,coro,coro,en el coro de las monjas escuchamos las vísperas,,,,,,,,
199,1582-03-18,el 18 de marzo,414,Sonido y ruido,disparó,disparo,"de Orange había recibido un disparo de un vizcaíno en Amberes y durante un largo tiempo se le tuvo por muerto, pero a pesar de la herida",,,,,,,,
200,1582-03-18,el 18 de marzo,414,Sonido y ruido,disparó,disparo,El disparo lo efectuó un Juan de Jáuregui el 18-III-1582 en Amberes,,,,,,,,
201,1582-03-18,el 18 de marzo,414,Sonido y ruido,disparar,disparar,"sabe, poco después, cuando el francés católico Balthasar Gérard volvió a disparar contra él el 10VII-1584 en el Prinsenhof de Delft",,,,,,,,
202,1582-05-01,El 1 de mayo,416,Sonido y ruido,salva,salva,recibidos dignamente con los salva de la artillería,,,,,,,,
203,1582-05-01,El 1 de mayo,416,Sonido y ruido,artillería,artillería,recibidos dignamente con los salva de la artillería,,,,,,,,
204,1582-10-04,El 4 de octubre,418,Sonido y ruido,artillería,artillería,la nave conquistada de Felipe Strozzi junto con la artillería en el puerto,,,,,,,,
205,1582-11-01,El 1 de noviembre,419,Música,misa,misa,El 1 de noviembre acompañé al rey en la misa y después mantuve 1582,,,,,,,,
206,1582-12-02,El 2 de diciembre,420,Música,misa,misa,el 25 estuve con él en la misa,,,,,,,⟨cand. magnitud: muchas⟩,
207,1582-03-14,el 14 de marzo,421,Música,misa,misa,Hans acompaña a misa,,,,,,,,
208,1583-01-01,El 1 de enero de 1583,421,Música,misa,misa,El 1 de enero de 1583 acompañé al rey a la misa,,,,,,,,
209,1583-02-01,El 1 de febrero,422,Música,misa,misa,en la misa y asistí a la procesión de la Candelaria,,,,,,,,
210,1583-03-28,Lunes 28 de marzo,424,Metáfora musical (candidatas),concertó,concertó,se concertó»,,,,,,,,
211,1583-05-01,El 1 de mayo,425,Música,misa,misa,El domingo día 22 acompañé al rey a la misa,,,,,,,,
212,1583-07-03,El 3 de julio,426,Música,misa,misa,"acompañé al rey a la misa, por la tarde S",,,,,,,,
213,1583-07-03,El 3 de julio,426,Música,misa,misa,"lugar en ello, y tampoco en la misa, porque las iglesias las ocupan los",,,,,,,,
214,1583-08-01,El 1 de agosto,427,Música,misa,misa,"El 24, día de San Bartolomé, acompañé al rey a misa",,,,,,,,
215,1583-09-01,El 1 de septiembre,427,Música,misa,misa,"a misa, el 12 escribí de ordinario a S",,,,,,,,
216,1610-12-01,El 1 de diciembre,429,Música,misa,misa,misa,,,,,,,,
217,1610-12-01,El 1 de diciembre,429,Música,misa,misa,"misa, por la tarde visité a la Emperatriz",,,,,,,,
218,1610-12-01,El 1 de diciembre,430,Música,misa,misa,Ese día se celebró la misa correspondiente y después,,,,,,,,
219,1610-12-01,El 1 de diciembre,430,Sonido y ruido,silencio,silencio,Sigue causando extrañeza el silencio de Rodolfo,,,,,,,,
220,1582-07-23,El 23 de julio de 1582,432,Música,misa,misa,El 29 acompañé al rey a misa y traté con él,,,,,,,,
221,1582-02-02,El 2 de febrero,433,Música,misa,misa,rey a misa,,,,,,,,
222,1582-02-02,El 2 de febrero,433,Música,misa,misa,El 26 volví a acompañar al rey a misa y este,,,,,,,,
223,1582-03-01,El 1 de marzo,433,Música,misa,misa,una vez más al rey a misa y por la tarde visité a la Emperatriz,,,,,,,,
224,1582-03-01,El 1 de marzo,433,Música,misa,misa,"El 11 acompañé al rey a misa, el 12 volví a tener",,,,,,,,
225,1582-06-01,El 1 de junio,435,Música,misa,misa,a la misa en el convento de,,,,,,,,
226,1582-07-01,El 1 de julio,436,Sonido y ruido,tiro,tiro,Ese día murió el príncipe de Orange por el tiro de un,,,,,,,,
227,1584-11-01,El 1 de noviembre,438,Música,misa,misa,El 18 el rey fue a la misa a la Iglesia de la Merced,,,,,,,,
228,1584-11-01,El 1 de noviembre,439,Música,misa,misa,El 25 acompañaron al rey a la misa en los teati- 1584,,,,,,,,
229,1584-12-01,El 1 de diciembre,439,Música,cantó,canto,La cédula es un canto a la globalización,,,,,,,,
230,1584-12-01,El 1 de diciembre,440,Sonido y ruido,silencio,silencios,Rodolfo escribe a Hans explicándole sus silencios,,,,,,,,
231,1584-01-01,El 1 de enero,441,Sonido y ruido,silencio,silencio,Me requería que lo excusara ante la Emperatriz por su largo silencio y por no haberle escrito,,,,,,,,
232,1584-01-01,El 1 de enero,442,Metáfora musical (candidatas),concierto,concierto,El 28 «otorgó la Emperatriz la scriptura del concierto entre su Magestad y el,,,,,,,,
233,1584-01-01,El 1 de enero,443,Música,cantó,cantó,"El citado cardenal cantó la misa, yo asistí como embajador",,,,,,,,
234,1584-01-01,El 1 de enero,443,Música,misa,misa,"El citado cardenal cantó la misa, yo asistí como embajador",,,,,,,,
235,1584-07-08,el 8 de julio,446,Sonido y ruido,arcabuces,arcabuces,"las fiestas (entrega de arcabuces, bandera y tambores) del Santísimo Sacramento y sobre volver a",,,,,,,,
236,1584-07-08,el 8 de julio,446,Música,tambor,tambores,"las fiestas (entrega de arcabuces, bandera y tambores) del Santísimo Sacramento y sobre volver a",,,,,,,,
237,1585-10-04,El 4 de octubre,448,Música,cantor,cantores,le envié al Emperador al abad Flecha con tres niños cantores castrados,,,,,,,,
238,1585-12-01,El 1 de diciembre,449,Música,misa,misa,va a misa,,,,,,,,
239,1585-12-01,El 1 de diciembre,449,Música,órgano,órgano,"de plata, el tintero y la salvadera, tableros de ébano, un órgano, cálices, patenas, mitras, báculos, un",,,,,,,,
240,1585-03-01,El 1 de marzo,451,Música,misa,misa,"El 25, día de Nuestra Señora, acompañé al rey a misa",,,,,,,,
241,1585-04-01,El 1 de abril,452,Música,misa,misa,El 4 asistí a misa,,,,,,,,
242,1585-05-03,El 3 de mayo,453,Música,misa,misa,El 3 de mayo la Emperatriz oyó misa en San Jerónimo,,,,,,,,
243,1605-02-13,el 13 de febrero de 1605,454,Música,misa,misa,El 29 la Emperatriz asistió a misa en las Descalzas,,,,,,,,
244,1605-08-01,El 1 de agosto,455,Música,misa,misa,hizo que el prior cantara misa en la iglesia citada en presencia de S,,,,,,,,
245,1605-08-01,El 1 de agosto,455,Música,misa,misa,"los años acuden muchas gentes, hombres y mujeres, cuando éstas salieron hacia allá para oír la primera misa, el rey no permitió que nadie",,,,,,,,
246,1605-10-01,El 1 de octubre,456,Música,misa,misa,El 1 de octubre la Emperatriz se desplazó a Atocha para oír misa,,,,,,,,
247,1605-11-01,El 1 de noviembre,457,Música,misa,misa,"El domingo, día 9 acompañé al rey a misa",,,,,,,,
248,1605-11-01,El 1 de noviembre,457,Música,misa,misa,acompañé al rey a misa,,,,,,,,
249,1605-10-08,el 8 de octubre,457,Sonido y ruido,pregonó,pregonó,El texto se promulgó en San Lorenzo el 8 de octubre y se pregonó en Madrid el día 10,,,,,,,,
250,1605-12-02,El 2 de diciembre,458,Música,misa,misa,El 7 acompañé al rey a misa,,,,,,,,
251,1605-12-02,El 2 de diciembre,458,Música,misa,misa,"día 14, acompañé al rey a misa y después de comer tuve una larga audiencia con él",,,,,,,,
252,1605-12-02,El 2 de diciembre,458,Música,misa,misa,El 21 acompañé al rey a misa,,,,,,,,
253,1605-12-02,El 2 de diciembre,458,Música,misa,misa,"El 25, Navidad, asistí a misa mayor en mi parroquia",,,,,,,,
254,1605-12-02,El 2 de diciembre,459,Música,misa,misa,Procesión y misa de la Candelaria,,,,,,,,
255,1605-12-02,El 2 de diciembre,459,Música,misa,Misas,Misas cantadas y rito mozárabe,,,,,,,,
256,1605-12-02,El 2 de diciembre,460,Música,misa,Misa,Misa de San Andrés,,,,,,,,
257,1605-12-02,El 2 de diciembre,460,Música,misa,misa,Oye misa en público acompañado por Medina,,,,,,,,
258,1605-12-02,El 2 de diciembre,460,Música,misa,misa,Nueva misa en,,,,,,,,
259,1605-12-12,el 12 de diciembre,461,Música,misa,misa,"misa de Candelaria y acompañé al rey por la mañana en Palacio, y junto",,,,,,,,
260,1605-04-01,El 1 de abril,463,Música,misa,misas,"asistió a las misas cantadas en las iglesias parroquiales, oficiadas por el",,,,,,,,
261,1605-04-01,El 1 de abril,463,Música,misa,misa,vio todas las reliquias y asistió a la misa mozárabe,,,,,,,,
262,1605-05-01,El 1 de mayo,464,Música,cantaron,cantaron,"El 16, la noche de Pentecostés, se cantaron las vísperas solemnemente",,,,,,,,
263,1605-10-01,El 1 de octubre,468,Música,misa,misa,"monasterio de jerónimos, y el 18, domingo, en la santa misa de la iglesia",,,,,,,,
264,1605-11-01,El 1 de noviembre,470,Música,misa,misa,"misa, pues era la fiesta más ceremoniosa de la Orden del Toisón de Oro",,,,,,,,
265,1605-12-01,El 1 de diciembre,470,Música,misa,misa,"día de Nuestra Señora, el rey fue a la misa públicamente a la capilla de",,,,,,,,
266,1605-12-01,El 1 de diciembre,470,Música,misa,misa,"ir a misa a la capilla de Palacio, acompañado por el príncipe de España",,,,,,,,
267,1605-12-01,El 1 de diciembre,472,Sonido y ruido,campana,campaña,Hans sobre esa campaña,,,,,,,,
268,1588-01-01,El 1 de enero de 1588,472,Música,misa,misa,a la misa y al sermón,,,,,,,,
269,1588-09-06,el 6 de septiembre,477,Sonido y ruido,disparó,disparos,"recibieron con muchos disparos y «fuegos artificiales»508, de modo que",,,,,,,⟨cand. magnitud: muchos⟩,
270,1589-05-01,El 1 de mayo,483,Música,misa,misa,la misa y al sermón,,,,,,,,
271,1589-10-01,El 1 de octubre,486,Música,misa,misa,Oímos misa allí y desayunamos,,,,,,,,
272,1589-12-01,El 1 de diciembre,488,Música,misa,misa,"a misa y junto al príncipe, su hijo",,,,,,,,
273,1589-12-01,El 1 de diciembre,488,Música,misa,misa,escolté al rey y al príncipe a misa en la capilla con el toisón,,,,,,,,
274,1589-12-01,El 1 de diciembre,489,Música,Te Deum,Te deum,a Hans a acompañarle en el Te deum por la elección de Gregorio XIV,,,,,,,,
275,1590-01-01,El 1 de enero de 1590,490,Música,misa,misa,"El 6, día de Reyes, acudí a misa con mi",,,,,,,,
276,1590-02-01,El 1 de febrero,490,Música,misa,misa,"Candelaria, acompañé al príncipe de España a misa y a la habitual procesión",,,,,,,,
277,1590-02-01,El 1 de febrero,490,Música,misa,misa,"El 5 la Emperatriz oyó misa en Nuestra Señora de Atocha y después almorzó en el jardín de don Juan de Borja, y yo con ella",,,,,,,,
278,1590-02-01,El 1 de febrero,490,Música,misa,misa,"de San Matías, fui a misa con el príncipe",,,,,,,,
279,1590-04-01,El 1 de abril,491,Música,misa,misa,"El 17 acudí a misa, el 18 me confesé",,,,,,,,
280,1590-04-01,El 1 de abril,491,Música,misa,misa,príncipe a misa,,,,,,,,
281,1590-05-01,El 1 de mayo,492,Música,misa,misa,"El 1 de mayo, San Felipe y San Jacobo, acompañé al rey a misa",,,,,,,,
282,1590-12-01,el 1 de diciembre,495,Música,misa,misa,"Señora (Inmaculada Concepción), acompañé al rey a misa",,,,,,,,
283,1590-12-01,el 1 de diciembre,495,Música,Te Deum,Te Deum,"y el príncipe durante la celebración del Te Deum laudamus por la elección de Gregorio XIV, y así",,,,,,,,
284,1590-03-01,El 1 de marzo,498,Música,misa,misa,"El 10 visité al príncipe en Palacio, y lo escolté a la misa y de",,,,,,,,
285,1590-03-01,El 1 de marzo,498,Música,misa,misa,El 17 acompañé al príncipe a misa,,,,,,,,
286,1590-03-01,El 1 de marzo,498,Música,misa,misa,nuevo al príncipe a misa,,,,,,,,
287,1590-04-01,El 1 de abril,499,Música,misa,misa,misa en Palacio y a la procesión,,,,,,,,
288,1590-04-01,El 1 de abril,499,Música,misa,misa,"El 14, Domingo de Resurrección, acompañé al príncipe a misa",,,,,,,,
289,1590-04-01,El 1 de abril,499,Música,misa,misa,príncipe a misa y todas las mañanas y tardes visité a la Emperatriz por,,,,,,,,
290,1590-04-01,El 1 de abril,499,Música,misa,misa,príncipe a misa,,,,,,,,
291,1590-05-01,El 1 de mayo,499,Música,misa,misa,misa y de regreso,,,,,,,,
292,1592-01-05,El 5 de enero de 1592,506,Música,músic*,músico,buen músico,,,,,,,⟨cand. evaluativa: buen⟩,
293,1592-01-05,El 5 de enero de 1592,506,Sonido y ruido,disparó,disparos,"orden de batalla de soldados, con disparos de la artillería en el Palacio",,,,,,,,
294,1592-01-05,El 5 de enero de 1592,506,Sonido y ruido,artillería,artillería,"orden de batalla de soldados, con disparos de la artillería en el Palacio",,,,,,,,
295,1592-02-06,El 6 de febrero,507,Sonido y ruido,artillería,artillería,por los del archiduque con la artillería y otras demostraciones,,,,,,,,
296,1592-02-06,El 6 de febrero,508,Sonido y ruido,artillería,artillería,con la artillería cuando entré a caballo en Villach y la atravesé,,,,,,,,
297,1592-02-06,El 6 de febrero,508,Sonido y ruido,artillería,artillería,artillería y después me hospedó con todos los míos durante muchos,,,,,,,,
298,1592-02-06,El 6 de febrero,508,Sonido y ruido,artillería,artillería,"Me recibieron con mucha artillería y muchos soldados en formación de batalla a las afueras de la ciudad (a pesar de que nevaba), y en",,,,,,,⟨cand. magnitud: mucha⟩,
299,1592-02-06,El 6 de febrero,508,Música,misa,misa,"San Matías, fui a la misa en Viktring, pero para el almuerzo regresé a",,,,,,,,
300,1592-05-01,El 1 de mayo,510,Música,misa,misa,a la misa,,,,,,,,
301,1592-05-01,El 1 de mayo,510,Música,misa,misa,El 4 se celebró una misa vespertina en santo recuerdo de la reina de,,,,,,,,
302,1592-11-01,El 1 de noviembre,512,Música,misa,misa,como siempre a la misa y en la,,,,,,,,
303,1592-12-01,El 1 de diciembre,513,Sonido y ruido,tiro,tiro,"tiro transilvanos, con vino italiano y austriaco y un delicioso pescado",,,,,,,,
304,1592-12-01,El 1 de diciembre,514,Música,misa,misa,El 26 antes de comer y después de oír misa me despedí de S,,,,,,,,
305,1592-01-01,El 1 de enero,515,Música,misa,misa,"Ernesto y la archiduquesa viuda, a misa, pero no me encontraba muy",,,,,,,,
306,1592-02-01,El 1 de febrero,517,Sonido y ruido,artillería,artillería,"el mencionado administrador me recibió junto con muchos señores distinguidos y nobles de este condado acompañados de 800 criados y artilleros, incluso con la artillería del Palacio donde me alojaba",,,,,,,,
307,1592-03-01,El 1 de marzo,518,Sonido y ruido,artillería,artillería,"castillo de Milán, donde se podía avistar toda la impresionante artillería",,,,,,,⟨cand. magnitud: muchos⟩,
308,1592-03-01,El 1 de marzo,518,Sonido y ruido,disparó,disparos,que lanzó muchos disparos y una gran salva,,,,,,,⟨cand. magnitud: muchos⟩,
309,1592-03-01,El 1 de marzo,518,Sonido y ruido,salva,salva,que lanzó muchos disparos y una gran salva,,,,,,,⟨cand. magnitud: muchos⟩,
310,1592-03-01,El 1 de marzo,519,Sonido y ruido,artillería,artillería,"Loano y saludé como es costumbre al príncipe y a la artillería de las galeras, éste me respondió con toda la artillería que tenía allí, y también me",,,,,,,,
311,1592-03-01,El 1 de marzo,519,Sonido y ruido,artillería,artillería,"Loano y saludé como es costumbre al príncipe y a la artillería de las galeras, éste me respondió con toda la artillería que tenía allí, y también me",,,,,,,,
312,1592-04-02,El 2 de abril,520,Sonido y ruido,dispararon,dispararon,"nos dispararon peligrosamente los hugonotes de la zona y nos desalojaron, y retrocedimos dos leguas italianas por seguridad",,,,,,,,
313,1592-04-02,El 2 de abril,520,Música,misa,misa,"ir a misa, alabado sea el señor",,,,,,,,
314,1592-04-02,El 2 de abril,520,Música,misa,misa,También fui a misa al día siguiente,,,,,,,,
315,1592-06-01,El 1 de junio,522,Música,misa,misa,"misa, después estuve mucho tiempo con S",,,,,,,⟨cand. magnitud: mucho⟩,
316,1592-07-22,el 22 de julio,524,Música,cantó,cantó,El 26 se cantó,,,,,,,,
317,1592-07-22,el 22 de julio,524,Música,Te Deum,Te Deum,el Te Deum laudamus en la capilla (¿?,,,,,,,,
318,1592-11-01,El 1 de noviembre,526,Música,timbal,timbales,"Y así se celebró el acto con extraordinaria ceremonia, con acompañamiento de los timbales y trompetas del ejército, e",,,,,,,,
319,1592-11-01,El 1 de noviembre,526,Música,trompeta,trompetas,"Y así se celebró el acto con extraordinaria ceremonia, con acompañamiento de los timbales y trompetas del ejército, e",,,,,,,,
320,1592-11-01,El 1 de noviembre,526,Música,misa,misa,fue a misa,,,,,,,,
321,1592-12-01,el 1 de diciembre,526,Música,misa,misa,"día siguiente, el 1 de diciembre, fue a misa",,,,,,,,
322,1592-12-01,el 1 de diciembre,526,Música,misa,misa,"a misa, y también el 8, día de Nuestra Señora",,,,,,,,
323,1592-11-03,el 3 de noviembre,527,Música,misa,misa,"príncipe a vísperas y también lo hice el día de Navidad, tanto a misa",,,,,,,,
324,1592-11-03,el 3 de noviembre,527,Música,misa,misa,El 26 volví a acompañar al príncipe a misa,,,,,,,,
325,1592-11-03,el 3 de noviembre,527,Música,misa,misa,El 27 escuché la misa en casa y tuve a varios embajadores y otros señores de huéspedes,,,,,,,,
326,1592-11-03,el 3 de noviembre,527,Sonido y ruido,pregón,Pregones,Pregones de,,,,,,,,
327,1592-11-03,el 3 de noviembre,527,Música,misa,misa,Felipe [III] se pasa el día yendo a misa,,,,,,,,
328,1592-01-01,El 1 de enero,528,Música,misa,misa,El 1 de enero del nuevo año acompañé al príncipe a misa,,,,,,,,
329,1592-01-01,El 1 de enero,528,Música,misa,misa,"a vísperas y, al día siguiente, a misa",,,,,,,,
330,1592-01-01,El 1 de enero,529,Música,misa,misa,acompañé al príncipe a misa,,,,,,,,
331,1592-01-01,El 1 de enero,529,Música,misa,misa,acompañé al príncipe a misa,,,,,,,,
332,1592-01-01,El 1 de enero,529,Música,misa,misa,Después de la misa estuve largo rato en,,,,,,,,
333,1592-02-01,El 1 de febrero,529,Música,misa,misa,acompañé a misa y a la procesión,,,,,,,,
334,1592-02-01,El 1 de febrero,529,Música,misa,misa,El 6 escolté de nuevo al príncipe a misa,,,,,,,,
335,1592-02-01,El 1 de febrero,529,Música,misa,misa,El 20 acompañé al príncipe a misa,,,,,,,,
336,1592-02-01,El 1 de febrero,530,Música,misa,misa,1594 escolté al príncipe a misa,,,,,,,,
337,1592-02-01,El 1 de febrero,530,Música,misa,misa,El 27 escolté al príncipe a misa,,,,,,,,
338,1592-03-02,2 de marzo,530,Música,misa,misa,El 6 escolté al príncipe a misa,,,,,,,,
339,1592-03-02,2 de marzo,530,Música,misa,misa,El 9 escolté al príncipe a misa y al sermón,,,,,,,,
340,1592-03-02,2 de marzo,530,Música,misa,misa,"El 23 escolté al príncipe a misa, también el 25, día de Nuestra Señora",,,,,,,,
341,1592-03-02,2 de marzo,530,Música,misa,misa,El 27 escolté al príncipe a misa,,,,,,,,
342,1592-04-01,El 1 de abril,530,Música,misa,misa,El 3 acompañé al rey a la misa y a la,,,,,,,,
343,1592-04-01,El 1 de abril,530,Música,misa,misa,"El 11 escolté al príncipe a misa, por la tarde tuve una larga audiencia con el rey",,,,,,,,
344,1592-04-01,El 1 de abril,530,Música,misa,misa,El 12 escolté al príncipe a misa,,,,,,,,
345,1592-04-01,El 1 de abril,531,Música,misa,misa,escolté al príncipe a misa,,,,,,,,
346,1592-04-01,El 1 de abril,531,Música,misa,misa,"escolté al príncipe a la capilla y, al día siguiente, a misa",,,,,,,,
347,1592-04-01,El 1 de abril,531,Música,misa,misa,"De igual manera, al día siguiente a misa, y después felicité las Pascuas a",,,,,,,,
348,1592-04-01,El 1 de abril,531,Música,misa,misa,misa,,,,,,,,
349,1592-12-02,El 2 de diciembre,533,Música,misa,misa,El 4 acompañé al príncipe a misa,,,,,,,,
350,1592-12-02,El 2 de diciembre,533,Música,misa,misa,El 8 acompañé otra vez al príncipe a misa,,,,,,,,
351,1592-12-02,El 2 de diciembre,533,Música,misa,misa,"Apóstol, escolté al príncipe a misa",,,,,,,,
352,1592-12-02,El 2 de diciembre,533,Música,misa,misa,día de Navidad escolté al príncipe a misa y le felicité las Pascuas,,,,,,,,
353,1592-12-02,El 2 de diciembre,533,Música,misa,misa,También los días 26 y 27 lo acompañé a misa,,,,,,,,
354,1592-12-02,El 2 de diciembre,534,Música,misa,misa,Acompaña al príncipe a misa,,,,,,,,
355,1592-01-01,El 1 de enero,534,Música,misa,misa,"El 1 de enero del año 95 escolté al príncipe a misa, el 5 a vísperas y",,,,,,,,
356,1592-01-01,El 1 de enero,534,Música,misa,misa,el 6 de nuevo a misa,,,,,,,,
357,1592-01-01,El 1 de enero,534,Música,misa,misa,al príncipe a misa,,,,,,,,
358,1592-01-01,El 1 de enero,534,Sonido y ruido,campana,campaña,Los triunfos en Hungría son narrados pormenorizadamente en un diario de campaña y por,,,,,,,,
359,1592-01-01,El 1 de enero,535,Música,misa,misa,escolté al príncipe a misa,,,,,,,,
360,1592-01-01,El 1 de enero,535,Música,misa,misa,El 29 escolté al príncipe a misa,,,,,,,,
361,1592-02-01,El 1 de febrero,535,Música,misa,misa,"El 1 de febrero escolté al príncipe a la iglesia a vísperas de Candelaria, también lo hice el día 2 a la misa y a la",,,,,,,,
362,1592-02-01,El 1 de febrero,535,Música,misa,misa,"El 8, miércoles de ceniza, y también los días 10, 12 y 15, acompañé al príncipe a misa y a los sermones",,,,,,,,
363,1592-02-01,El 1 de febrero,535,Música,misa,misa,"príncipe a misa, el 18 Aldobrandino tuvo su segunda audiencia con el",,,,,,,,
364,1592-02-01,El 1 de febrero,535,Música,misa,misa,de Santa María se los entregó muy solemnemente durante la misa ponti538,,,,,,,,
365,1603-03-01,El 1 de marzo,536,Música,misa,misa,"El mismo día escolté al príncipe a misa, y la Emperatriz visitó al rey",,,,,,,,
366,1603-03-01,El 1 de marzo,536,Música,misa,misa,"El 26, Domingo de Resurrección, escolté al príncipe a misa y le felicité las Pascuas, al igual que a la",,,,,,,,
367,1603-04-07,El 7 de abril,536,Música,cantó,cantó,"El 8 se cantó la misa de réquiem, en la que",,,,,,,,
368,1603-04-07,El 7 de abril,536,Música,misa,misa,"El 8 se cantó la misa de réquiem, en la que",,,,,,,,
369,1603-04-07,El 7 de abril,537,Música,misa,misa,"príncipe a misa y visité a la Emperatriz y al reiteradamente citado archiduque Alberto para tratar asuntos importantes, que de momento y por",,,,,,,,
370,1603-05-03,El 3 de mayo,537,Música,misa,misa,misa,,,,,,,,
371,1603-05-03,El 3 de mayo,537,Música,misa,misa,"El 25, día del Corpus Christi, acompañé al príncipe a la misa y a la procesión, que también partió de Santa",,,,,,,,
372,1603-06-01,El 1 de junio,538,Música,misa,misa,1595 pañé al príncipe a misa,,,,,,,,
373,1603-06-01,El 1 de junio,538,Música,músic*,músicos,"de rigor y en calidad de embajador imperial, con los músicos necesarios",,,,,,,,
374,1603-06-01,El 1 de junio,538,Música,misa,misa,príncipe a misa,,,,,,,,
375,1603-09-01,El 1 de septiembre,539,Sonido y ruido,campana,campaña,hacia Hungría y la presencia de Juan Francisco Aldobrandino en toda aquella crucial campaña lo,,,,,,,,
376,1603-12-02,El 2 de diciembre,542,Música,misa,misa,"Inmaculada Concepción, escolté al príncipe a misa",,,,,,,,
377,1603-12-02,El 2 de diciembre,542,Música,misa,misa,escolté al príncipe a misa,,,,,,,,
378,1603-12-02,El 2 de diciembre,542,Música,misa,misa,a misa,,,,,,,,
379,1603-12-02,El 2 de diciembre,542,Música,misa,misa,"Visitas rutinarias, acompañamientos a misa",,,,,,,,
380,1603-01-22,22 de enero,542,Música,misa,misa,Más acompañamientos a misa y lo bien informada de todo que estaba la Emperatriz,,,,,,,,
381,1603-01-22,22 de enero,543,Música,misa,misa,"El uno de enero del año nuevo escolté al príncipe a misa y, al atardecer, a la Emperatriz, mi más digna señora",,,,,,,,
382,1603-01-22,22 de enero,543,Música,misa,misa,el día 6 a misa,,,,,,,,
383,1603-01-22,22 de enero,543,Música,misa,misa,príncipe a la misa y al sermón,,,,,,,,
384,1603-01-22,22 de enero,544,Música,misa,misa,El 28 acompañé al príncipe a misa,,,,,,,,
385,1603-02-01,El 1 de febrero,544,Música,misa,misa,"el 2, a la misa y la procesión",,,,,,,,
386,1603-02-01,El 1 de febrero,544,Música,misa,misa,El día 4 escolté al príncipe a misa,,,,,,,,
387,1603-10-01,El 1 de octubre,548,Sonido y ruido,artillería,artillería,"a causa también del terrible temporal, no pudo enviar a la artillería pesada como hubiese sido necesario para liberar Eger, y una vez reunido",,,,,,,,
388,1603-12-01,El 1 de diciembre,549,Música,misa,misa,"El 15 fui a misa, y también los días 21 y 22 y acompañé",,,,,,,,
389,1603-12-01,El 1 de diciembre,549,Música,misa,misa,el día de Santo Tomás a la misa y a vísperas,,,,,,,,
390,1603-12-01,El 1 de diciembre,549,Música,misa,misa,"Navidad, acompañé al príncipe a la misa y le felicité las pascuas a S",,,,,,,,
391,1603-12-01,El 1 de diciembre,549,Música,misa,misa,igualmente lo acompañé a misa el 26,,,,,,,,
392,1603-12-01,El 1 de diciembre,550,Música,misa,misa,"Felipe [III] a misa, está presente en las audiencias de la Emperatriz, escucha a Moura",,,,,,,,
393,1603-12-01,El 1 de diciembre,550,Música,misa,Misas,Misas,,,,,,,,
394,1603-12-01,El 1 de diciembre,551,Música,misa,misa,"El 12 acompañé al príncipe a misa y a mediodía escolté a la Emperatriz, mi más benigna señora en su visita al rey",,,,,,,,
395,1603-12-01,El 1 de diciembre,551,Música,misa,misa,"El 23, día de San Ildefonso, escolté al príncipe a misa",,,,,,,,
396,1603-12-01,El 1 de diciembre,551,Música,misa,misa,misa,,,,,,,,
397,1603-02-01,El 1 de febrero,551,Música,misa,misa,"escolté al príncipe a la misa, a la procesión y a vísperas",,,,,,,,
398,1603-02-01,El 1 de febrero,551,Música,misa,misa,El 3 acompañé al príncipe a la misa,,,,,,,,
399,1603-02-01,El 1 de febrero,551,Música,misa,misa,a la misa,,,,,,,,
400,1603-02-01,El 1 de febrero,552,Música,misa,misa,Los días 23 y 24 escolté al príncipe a misa y a vísperas,,,,,,,,
401,1603-03-01,El 1 de marzo,552,Música,misa,misa,También escolté al príncipe a misa,,,,,,,,
402,1603-03-01,El 1 de marzo,552,Música,misa,misa,14 y 16 acompañé al príncipe a la misa y al sermón porque era la cuaresma,,,,,,,,
403,1603-03-01,El 1 de marzo,552,Música,misa,misa,Acompañé al príncipe a la misa y al sermón,,,,,,,,
404,1603-03-01,El 1 de marzo,552,Música,misa,misa,El 23 acompañé al príncipe a misa y,,,,,,,,
405,1603-03-01,El 1 de marzo,552,Música,misa,misa,misa y al sermón,,,,,,,,
406,1603-03-01,El 1 de marzo,552,Música,misa,misa,la misa y a la procesión,,,,,,,,
407,1603-04-01,El 1 de abril,553,Música,misa,misa,El 20 acompañé al príncipe a misa,,,,,,,,
408,1603-05-01,El 1 de mayo,553,Música,misa,misa,a misa,,,,,,,,
409,1603-05-01,El 1 de mayo,553,Música,misa,misa,El 4 escolté a la Emperatriz a misa en Nuestra Señora de Atocha,,,,,,,,
410,1603-05-01,El 1 de mayo,553,Música,misa,misa,a misa en las Descalzas fuera de Madrid,,,,,,,,
411,1603-05-01,El 1 de mayo,553,Música,misa,misa,misa en San Jerónimo558,,,,,,,,
412,1603-12-06,El 6 de diciembre,557,Música,misa,Misa,El 24 escolté al príncipe a la Misa de Gallo y después felicité las,,,,,,,,
413,1603-12-06,El 6 de diciembre,557,Música,misa,misa,El 27 volví a acompañar al príncipe a misa,,,,,,,,
414,1603-12-06,El 6 de diciembre,557,Música,misa,misas,Felipe [III] en misas,,,,,,,,
415,1603-01-01,El 1 de enero,558,Música,misa,misa,El 1 de enero del año 1598 escolté al príncipe a misa y después felicité a la Emperatriz el Año Nuevo,,,,,,,,
416,1603-01-01,día 1 de enero,558,Música,misa,misa,El 6 escolté al príncipe a misa,,,,,,,,
417,1603-01-01,día 1 de enero,559,Música,misa,misa,El 18 escolté al príncipe a misa,,,,,,,,
418,1603-01-01,día 1 de enero,559,Música,misa,misa,El 25 escolté al príncipe a misa,,,,,,,,
419,1603-02-01,El 1 de febrero,559,Música,misa,misa,"día siguiente a la misa y a la procesión, por la noche visité a la Emperatriz",,,,,,,,
420,1603-02-01,El 1 de febrero,559,Música,misa,misa,"El 6 volví a acompañar al príncipe a misa y al sermón, lo mismo hice",,,,,,,,
421,1603-02-01,El 1 de febrero,559,Música,misa,misa,"El 20 acompañé al príncipe a la misa y al sermón, esto",,,,,,,,
422,1603-02-01,El 1 de febrero,559,Música,misa,misa,El mes de marzo escolté y acompañé al príncipe varias veces a misa,,,,,,,,
423,1603-02-01,El 1 de febrero,559,Música,misa,misa,príncipe a misa y a la procesión,,,,,,,,
424,1603-02-01,El 1 de febrero,559,Música,misa,misa,El 20 fui a misa en mi parroquia,,,,,,,,
425,1603-02-01,El 1 de febrero,560,Música,misa,misa,"Resurrección, escolté al príncipe a misa y al sermón",,,,,,,,
426,1603-02-01,El 1 de febrero,560,Música,misa,misa,El 23 fui a misa y al,,,,,,,,
427,1603-04-04,El 4 de abril,560,Música,misa,misa,El 5 acompañé al príncipe a misa,,,,,,,,
428,1603-04-04,El 4 de abril,560,Música,misa,misa,El 12 escolté al príncipe a misa,,,,,,,,
429,1603-04-04,El 4 de abril,560,Música,misa,misa,El 16 fui con el príncipe a misa y parece que el rey,,,,,,,,
430,1603-04-04,El 4 de abril,560,Música,misa,misa,El 25 escolté al príncipe a la misa,,,,,,,,
431,1603-05-04,El 4 de mayo,561,Música,misa,misa,"El 9, víspera de Pentecostés, escolté al príncipe a misa, por la",,,,,,,,
432,1603-05-04,El 4 de mayo,561,Música,misa,misa,misa y al sermón y felicité las Pascuas a S,,,,,,,,
433,1603-05-04,El 4 de mayo,561,Música,misa,misa,"después acompañé al príncipe a misa el 11, donde se cantó el Te deum",,,,,,,,
434,1603-05-04,El 4 de mayo,561,Música,cantó,cantó,"después acompañé al príncipe a misa el 11, donde se cantó el Te deum",,,,,,,,
435,1603-05-04,El 4 de mayo,561,Música,Te Deum,Te deum,"después acompañé al príncipe a misa el 11, donde se cantó el Te deum",,,,,,,,
436,1603-05-04,El 4 de mayo,561,Música,misa,misa,El 12 volví a ir a misa con el príncipe y por la tarde me anuncié ante la Emperatriz,,,,,,,,
437,1603-05-04,El 4 de mayo,561,Música,misa,misa,al príncipe a misa,,,,,,,,
438,1603-05-04,El 4 de mayo,561,Música,misa,misa,príncipe a vísperas del Corpus Christi y el 21 a misa,,,,,,,,
439,1603-05-04,El 4 de mayo,561,Música,misa,misa,el príncipe a misa y ese mes visité diariamente a la Emperatriz y mantuve la debida correspondencia con S,,,,,,,,
440,1603-06-02,2 de junio,561,Música,misa,misa,"El 21 escolté al príncipe a misa, y",,,,,,,,
441,1603-06-02,2 de junio,561,Música,misa,misa,también a vísperas el 23 y a la misa de San Juan el día 24,,,,,,,,
442,1603-06-02,2 de junio,561,Música,misa,misa,"Pablo, a la misa",,,,,,,,
443,1603-09-01,El 1 de septiembre,564,Música,misa,misa,"el funeral del rey en San Jerónimo, y el 19 tuvo lugar la misa solemne",,,,,,,⟨cand. evaluativa: solemne⟩,
444,1603-11-03,El 3 de noviembre,564,Música,misa,misa,También acompañé al rey a misa,,,,,,,,
445,1603-12-02,El 2 de diciembre,565,Música,misa,Misa,Escolté al rey a la Misa de Gallo así como a las misas de los días 25 y 26,,,,,,,,
446,1603-12-02,El 2 de diciembre,565,Música,misa,misas,Escolté al rey a la Misa de Gallo así como a las misas de los días 25 y 26,,,,,,,,
447,1603-12-02,El 2 de diciembre,565,Música,misa,misa,El 31 acompañé al rey a la misa de Año Nuevo,,,,,,,,
448,1603-12-02,El 2 de diciembre,565,Música,misa,misa,"El 1-I-1599 Felipe III acude a misa de los jesuitas, pero no se avisa a",,,,,,,,
449,1603-12-02,El 2 de diciembre,565,Música,misa,misas,misas,,,,,,,,
450,1603-12-02,El 2 de diciembre,566,Música,misa,misas,Audiencias y misas,,,,,,,,
451,1603-12-02,El 2 de diciembre,566,Música,misa,misas,"Visitas, misas y",,,,,,,,
452,1603-01-01,El 1 de enero,566,Música,misa,misa,El 1 de enero del año 1599 el rey fue misa de los jesuitas a caballo y,,,,,,,,
453,1603-01-01,El 1 de enero,566,Música,misa,misa,"escuchar misa en la Trinidad, yo le acompañé",,,,,,,,
454,1603-01-01,El 1 de enero,566,Música,misa,misa,El 5 escolté al rey a vísperas y el 6 a la misa de Reyes,,,,,,,,
455,1603-01-01,El 1 de enero,566,Música,misa,misa,al rey a misa a San Felipe,,,,,,,,
456,1603-01-01,El 1 de enero,567,Música,misa,misa,a la misa de la,,,,,,,,
457,1603-04-06,el 6 de abril,568,Música,misa,misa,"El 11, Domingo de Resurrección, estuve en misa en",,,,,,,,
458,1603-05-02,El 2 de mayo,569,Música,misa,misa,"mi graciosísima señora, asistió a misa en",,,,,,,,
459,1603-10-01,El 1 de octubre,571,Música,misa,misa,a misa,,,,,,,⟨cand. magnitud: gran⟩,
460,1603-10-01,El 1 de octubre,571,Música,misa,misa,El 31 escolté al rey a misa,,,,,,,,
461,1603-11-01,El 1 de noviembre,571,Música,misa,misa,"El 1 de noviembre, día de Todos los Santos, acompañé al rey a misa",,,,,,,,
462,1603-12-01,El 1 de diciembre,572,Música,misa,misa,"1599 pañé al rey a misa, hacia última hora de la tarde S",,,,,,,,
463,1603-12-01,El 1 de diciembre,572,Música,misa,misa,escolté al rey a misa y lo acompañé,,,,,,,,
464,1603-12-01,El 1 de diciembre,572,Música,misa,misa,"El 21, día de Santo Tomás, escolté al rey a misa",,,,,,,,
465,1603-12-01,El 1 de diciembre,572,Música,misa,misa,"El 25 lo escolté a misa y, después de ella, felicité las Pascuas a S",,,,,,,,
466,1603-12-01,El 1 de diciembre,572,Música,misa,misa,El 26 el escolté al rey a misa,,,,,,,,
467,1603-12-01,El 1 de diciembre,573,Música,misa,misa,Hans a misa con el rey en los jesuitas,,,,,,,,
468,1603-12-01,El 1 de diciembre,573,Música,misa,misa,La Emperatriz se desmaya en misa,,,,,,,,
469,1603-01-01,El 1 de enero,574,Música,misa,misa,El 1 de enero del año 1600 escolté al rey a misa donde los jesuitas,,,,,,,,
470,1603-01-01,El 1 de enero,574,Música,misa,misa,"encontró bien, por lo que no fue a misa públicamente",,,,,,,,
471,1603-01-01,El 1 de enero,574,Música,misa,misa,el rey mejoró y lo acompañé a misa,,,,,,,,
472,1603-01-01,El 1 de enero,574,Música,misa,misa,escolté a misa,,,,,,,,
473,1603-01-01,El 1 de enero,574,Música,misa,misa,escolté al rey a misa,,,,,,,,
474,1603-02-01,El 1 de febrero,575,Música,misa,misa,El 2 no estuve en la misa ni en la procesión de Palacio por negocios,,,,,,,⟨cand. evaluativa: extraordinario⟩,
475,1603-03-01,El 1 de marzo,576,Música,misa,misa,"1600 el conocimiento durante la misa de la mañana, lo que duró un buen rato",,,,,,,⟨cand. evaluativa: buen⟩,
476,1603-04-01,El 1 de abril,576,Música,misa,misa,El 23 escolté al rey a misa,,,,,,,,
477,1603-05-01,El 1 de mayo,576,Música,misa,misa,El 14 acompañé al rey a misa,,,,,,,,
478,1603-08-01,El 1 de agosto,580,Música,misa,misa,"El 8 el rey oyó misa en el Carmen, yo estuve presente y esa",,,,,,,,
479,1603-08-01,El 1 de agosto,580,Música,misa,misa,El 17 escolté al rey a misa en Palacio,,,,,,,,
480,1603-10-05,el 5 de octubre,581,Música,misa,misa,"San Simón y San Judas Tadeo, escolté al rey a misa",,,,,,,,
481,1603-10-05,el 5 de octubre,581,Música,misa,misa,El 29 volví a acompañar al rey a misa,,,,,,,,
482,1603-10-05,el 5 de octubre,581,Música,misa,misa,"El 12 escolté al rey a misa, después de ésta S",,,,,,,,
483,1603-12-01,El 1 de diciembre,582,Música,misa,misa,"a misa, también el 18",,,,,,,,
484,1603-12-01,El 1 de diciembre,582,Música,misa,Misa,El 24 acompañé al rey a la Misa de Gallo,,,,,,,,
485,1603-12-01,El 1 de diciembre,582,Música,misa,misa,"El 25, Navidad, lo escolté a misa",,,,,,,,
486,1603-12-01,El 1 de diciembre,582,Música,misa,misa,"Juan, acompañé al rey a misa",,,,,,,,
487,1603-12-01,El 1 de diciembre,582,Música,misa,misa,"Los reyes vuelven a ir a misa de los jesuitas, con largo séquito",,,,,,,,
488,1603-12-01,El 1 de diciembre,582,Música,misa,misa,Hans acompaña al rey a misa,,,,,,,,
489,1603-12-01,El 1 de diciembre,583,Música,misa,misa,El 1 el rey y la reina fueron en coche a la misa,,,,,,,,
490,1603-12-01,El 1 de diciembre,584,Música,misa,misa,misa,,,,,,,,
491,1603-12-01,El 1 de diciembre,584,Música,misa,misa,también acompañé al rey a misa,,,,,,,,
492,1603-06-01,El 1 de junio,587,Música,misa,misa,acompañé al rey a la misa en Palacio y ese mes no faltaron las visitas que,,,,,,,,
493,1603-06-01,El 1 de junio,587,Música,misa,misa,El 1 (de julio) escolté y acompañé al rey a misa,,,,,,,,
494,1602-09-03,El 3 de septiembre,594,Música,misa,misa,El 30 acudí a la misa,,,,,,,,
495,1603-01-01,El 1 de enero de 1603,596,Sonido y ruido,salva,salva,"que era una salva de plata, oro y",,,,,,,,
496,1603-03-01,El 1 de marzo,600,Música,cantaron,cantaron,lugar las honras en las que cantaron las tres misas el arzobispo y los,,,,,,,,
497,1603-03-01,El 1 de marzo,600,Música,misa,misas,lugar las honras en las que cantaron las tres misas el arzobispo y los,,,,,,,,
498,1603-04-02,El 2 de abril,601,Sonido y ruido,aclam*,aclamación,"aclamación fue sucedida por el rey Jacobo de Escocia572, primero de ese",,,,,,,⟨cand. magnitud: muchos⟩,
499,1603-04-02,El 2 de abril,601,Música,misa,misa,"su Colegio de Madrid, ese día celebraron vísperas, al día siguiente misa",,,,,,,,
500,1603-11-01,El 1 de noviembre,605,Música,misa,misa,El 23 el rey y la reina llegaron a las Descalzas a oír la misa y visitaron,,,,,,,,
501,1603-12-01,El 1 de diciembre,607,Música,misa,misa,misa,,,,,,,,
502,1603-12-01,El 1 de diciembre,608,Música,misa,misas,Acompaña al rey a misas,,,,,,,,
503,1603-12-01,El 1 de diciembre,608,Música,misa,Misa,Hans acompaña al rey a la Misa de Gallo,,,,,,,,
504,1603-04-03,El 3 de abril,610,Música,cantó,cantó,"Descalzas, es decir, vísperas, y el 9 se cantó misa solemne en presencia",,,,,,,⟨cand. evaluativa: solemne⟩,
505,1603-04-03,El 3 de abril,610,Música,misa,misa,"Descalzas, es decir, vísperas, y el 9 se cantó misa solemne en presencia",,,,,,,⟨cand. evaluativa: solemne⟩,
506,1603-06-01,El 1 de junio,611,Música,misa,misa,"El 17, día del Corpus Christi, después de la misa y de la procesión, partí en nombre de Dios hacia",,,,,,,,
507,1603-07-02,El 2 de julio,612,Música,misa,misa,El 18 acompañé al rey a misa por primera vez desde mi llegada a Valladolid,,,,,,,,
508,1603-08-02,El 2 de agosto,613,Música,misa,misa,acompañé al rey a misa,,,,,,,,
509,1603-08-02,El 2 de agosto,613,Música,misa,misa,"rey a vísperas y el 15 a misa, asistiéndole",,,,,,,,
510,1603-09-01,El 1 de septiembre,613,Música,misa,misa,"El 8, día de la Natividad de la Virgen, acompañé al rey a misa",,,,,,,,
511,1603-11-01,El 1 de noviembre,615,Música,misa,misa,El 7 lo escolté a misa y lo asistí,,,,,,,,
512,1603-11-01,El 1 de noviembre,615,Música,misa,misa,El 14 volví a escoltar al rey a misa,,,,,,,,
513,1603-11-01,El 1 de noviembre,616,Música,misa,misa,oír misa a San Benito El Real y en honor de mi invitado le cedí mi,,,,,,,,
514,1603-11-01,El 1 de noviembre,616,Música,misa,misa,El 28 acompañé al rey a misa,,,,,,,,
515,1603-11-01,El 1 de noviembre,616,Música,misa,misa,escolté al rey a misa,,,,,,,,
516,1603-11-01,El 1 de noviembre,616,Música,misa,misa,"El mismo día escolté al rey a misa, también",,,,,,,,
517,1603-11-01,El 1 de noviembre,616,Música,misa,Misa,"a la Misa de Gallo, lo mismo hice el día de Navidad, en que junto con",,,,,,,,
518,1603-11-01,El 1 de noviembre,618,Sonido y ruido,pólvora,pólvora,Llegan las noticias de la «Conspiración de la pólvora»,,,,,,,,
519,1603-11-01,El 1 de noviembre,618,Música,misa,misas,Acompaña a Felipe III a misas,,,,,,,,
520,1603-11-01,El 1 de noviembre,618,Música,misa,misa,a misa,,,,,,,,
521,1603-11-01,El 1 de noviembre,618,Música,misa,misa,al rey a misa,,,,,,,,
522,1603-11-01,El 1 de noviembre,618,Música,misa,misa,El 16 acompañé al rey a misa,,,,,,,,
523,1603-01-22,22 de enero,618,Música,misa,misa,El 23 escolté al rey a misa,,,,,,,,
524,1603-01-22,22 de enero,619,Música,misa,misa,misa y con ocasión de ello le recordé el despacho del de Nomi,,,,,,,,
525,1603-04-02,2 de abril,620,Música,misa,misa,acompañé al rey a la misa y a la procesión del domingo de Ramos,,,,,,,,
526,1603-04-02,2 de abril,621,Música,cantó,cantó,"escolté al rey a vísperas a San Lorenzo, en donde se cantó el Te Deum",,,,,,,,
527,1603-04-02,2 de abril,621,Música,Te Deum,Te Deum,"escolté al rey a vísperas a San Lorenzo, en donde se cantó el Te Deum",,,,,,,,
528,1603-04-02,2 de abril,621,Música,misa,misa,"El 10, Domingo de Resurrección, acompañé al rey a la misa y también a vísperas y con esta ocasión",,,,,,,,
529,1603-04-02,2 de abril,621,Música,misa,misa,El 11 escolté al rey a misa,,,,,,,,
530,1603-04-02,2 de abril,621,Música,misa,misa,Escolté al rey a misa en donde se cantó el Te Deum,,,,,,,,
531,1603-04-02,2 de abril,621,Música,cantó,cantó,Escolté al rey a misa en donde se cantó el Te Deum,,,,,,,,
532,1603-04-02,2 de abril,621,Música,Te Deum,Te Deum,Escolté al rey a misa en donde se cantó el Te Deum,,,,,,,,
533,1603-05-01,El 1 de mayo,621,Música,misa,misa,El 1 de mayo escolté al rey a misa,,,,,,,,
534,1603-05-01,El 1 de mayo,621,Música,misa,misa,misa,,,,,,,,
535,1603-05-01,El 1 de mayo,621,Música,misa,misa,"el 18, a vísperas, y el 19 de nuevo a misa",,,,,,,,
536,1603-05-22,El 22 de mayo,621,Música,misa,misa,a misa,,,,,,,,
537,1603-05-22,El 22 de mayo,622,Música,misa,misa,El 30 escolté al rey a misa y hacia última,,,,,,,,
538,1603-06-01,El 1 de junio,622,Música,cantó,cantó,el 2 se cantó en Palacio muy solemnemente el Te Deum laudamus en,,,,,,,,
539,1603-06-01,El 1 de junio,622,Música,Te Deum,Te Deum,el 2 se cantó en Palacio muy solemnemente el Te Deum laudamus en,,,,,,,,
540,1603-06-01,El 1 de junio,623,Música,misa,misa,misa el duque de Lerma solicitó mi parecer en varios asuntos de parte 1605,,,,,,,,
541,1603-06-01,El 1 de junio,623,Música,misa,misa,El 19 escolté al rey a misa,,,,,,,,
542,1603-09-02,El 2 de septiembre,625,Música,misa,misa,misa,,,,,,,,
543,1603-09-02,El 2 de septiembre,625,Música,misa,misa,El 11 escolté al rey a misa,,,,,,,,
544,1603-11-04,El 4 de noviembre,626,Música,misa,misa,"me encontré del todo bien, de manera que no pude acercarme a Palacio ni acompañar ni escoltar al rey a misa",,,,,,,,
545,1603-11-04,El 4 de noviembre,626,Sonido y ruido,pólvora,pólvora,"pólvora colocada por debajo, habrían saltado por los aires",,,,,,,⟨cand. magnitud: gran⟩,
546,1603-11-04,El 4 de noviembre,627,Música,misa,misa,El 8 escolté al rey a misa,,,,,,,,
547,1603-11-04,El 4 de noviembre,627,Música,misa,misa,misa,,,,,,,,
548,1603-11-04,El 4 de noviembre,627,Música,misa,Misa,"escolté al rey a la Misa de Gallo y el 25, a la misa y a vísperas",,,,,,,,
549,1603-11-04,El 4 de noviembre,627,Música,misa,misa,"escolté al rey a la Misa de Gallo y el 25, a la misa y a vísperas",,,,,,,,
550,1603-11-04,El 4 de noviembre,627,Música,misa,misa,El 26 y 27 acompañé al rey a misa,,,,,,,,
551,1628-08-01,El 1 de agosto de 1628,631,Sonido y ruido,pregón,pregón,"pregón imperial por el que se comunicaba a todos los señores y caballeros, a la nobleza en general, o que aceptaban el catolicismo o que deberían abandonar el país y eso aun a pesar de las contrastadas pruebas de",,,,,,,,
552,1628-08-01,El 1 de agosto de 1628,633,Sonido y ruido,disparó,disparo,"el momento de ir a abrir las puertas para que entraran sus propios soldados, se le confundió con un defensor y recibió un disparo",,,,,,,,
553,1645-06-20,El 20 de junio de 1645,636,Sonido y ruido,silencio,silencios,"La primera pista que tuve de él, en el más absoluto de los silencios",,,,,,,,
554,1598-01-10,a 10 de enero de 1598,676,Voz y rumor,rumor,rumor,"No obstante, hasta la fecha no puedo confirmarlo, pero es el rumor que corre",,,,,,,,
555,1598-01-31,a 31 de enero de 1598,680,Metáfora musical (candidatas),concierto,concierto,deste de Genova con aviso como el concierto entre su Sant,,,,,,,,
556,1598-03-14,a 14 de marzo de 1598,683,Voz y rumor,rumor,rumores,A ello le siguieron muchos rumores,,,,,,,⟨cand. magnitud: muchos⟩,
557,1598-01-12,12 de enero,685,Voz y rumor,rumor,rumores,Tampoco faltan los rumores que afirman que el archiduque Alberto,,,,,,,,
558,1598-04-12,a 12 de abril de 1598,689,Voz y rumor,rumor,rumores,"Ahora es necesario que el archiduque Alberto envíe su renuncia, lo que, según los rumores generales, ha sucedido ya",,,,,,,,
559,1598-04-25,a 25 de abril de 1598,692,Música,Te Deum,Te Deum,cantara un solemne Te Deum Laudamus en la capilla de palacio y en las,,,,,,,⟨cand. evaluativa: solemne⟩,
560,1598-06-02,a 2 de junio de 1598,698,Voz y rumor,rumor,rumores,de que los rumores generales son,,,,,,,,
561,1598-08-08,a 8 de agosto de 1598,707,Música,misa,misa,"Ayer pidió al nuncio apostólico que mañana, día de Nuestra Señora, lea la misa pontificia que",,,,,,,,
562,1598-08-14,a 14 de agosto de 1598,709,Metáfora musical (candidatas),armonía,armonía,hasta que fallezca habrá mucho que hacer antes de que reine la armonía entre todos,,,,,,,⟨cand. magnitud: mucho⟩,
563,1598-09-13,13 de septiembre,715,Metáfora musical (candidatas),acorde,acorde,señor acorde con su edad y experiencia y me ordenó que transmitiera,,,,,,,⟨cand. evaluativa: acorde⟩,
564,1598-09-13,13 de septiembre,716,Voz y rumor,rumor,rumores,"sucesor, había oído rumores de este asunto, antes de abrir el testamento, protestó y dijo que no estaba obligado a realizarlo, por lo que",,,,,,,,
565,1598-08-06,6 de agosto,717,Voz y rumor,rumor,rumor,el rumor,,,,,,,,
566,1598-10-12,a 12 de octubre de 1598,722,Música,misa,misa,de Toledo ofició la víspera y la misa mayor,,,,,,,,
567,1598-11-25,25 de noviembre,729,Sonido y ruido,tiro,tiro,"siempre fuera de Madrid, es un gran aficionado al campo y al tiro y",,,,,,,⟨cand. magnitud: gran⟩,
568,1571-10-07,7 de octubre de 1571,738,Música,romance,romances,"de Torres compuso una en romances, en 4 hojas",,,,,,,,
569,1571-10-07,7 de octubre de 1571,738,Música,romance,romance,El romance de Juan de Torres es simple en sus contenidos y rítmico,,,,,,,,
570,1571-10-07,7 de octubre de 1571,738,Voz y rumor,al oído,al oído,al oído,,,,,,,,
571,1571-10-07,7 de octubre de 1571,738,Música,cantar,cantar,"Sin duda, un cantar de ciegos, un pliego de cordel en que se",,,,,,,,
572,1571-12-18,el 18 de diciembre,742,Música,músic*,músicos,"1571 Después, para el 18 de diciembre se preparó una «máscara», es decir, una fiesta con músicos, carros, y las autoridades organizadas en",,,,,,,,
573,1576-11-27,El 27 de noviembre,746,Música,música,música,cimientos de la Torre de música),,,,,,,,
574,1576-11-27,El 27 de noviembre,748,Música,ministril,ministriles,Los ministriles tañen sus instrumentos,,,,,,,,
575,1576-11-27,El 27 de noviembre,748,Música,tañen,tañen,Los ministriles tañen sus instrumentos,,,,,,,,
576,1576-11-27,El 27 de noviembre,748,Música,música,música,"descansan, mientras oyen música y cortesano que habla exaltadamente",,,,,,,,
577,1615-12-19,El 19 de diciembre,750,Música,música,Música,"Música en el Prado de San Jerónimo de Madrid, Tesis de Licenciatura",,,,,,,,
